"filename", "language", "Markdown", "JSON", "JavaScript", "YAML", "comment", "blank", "total"
"d:\Mycodes\Gitrepos\javascript-algorithms\.github\FUNDING.yml", "YAML", 0, 0, 0, 2, 1, 1, 4
"d:\Mycodes\Gitrepos\javascript-algorithms\.github\workflows\CI.yml", "YAML", 0, 0, 0, 27, 0, 9, 36
"d:\Mycodes\Gitrepos\javascript-algorithms\BACKERS.md", "Markdown", 8, 0, 0, 0, 31, 10, 49
"d:\Mycodes\Gitrepos\javascript-algorithms\CODE_OF_CONDUCT.md", "Markdown", 25, 0, 0, 0, 0, 16, 41
"d:\Mycodes\Gitrepos\javascript-algorithms\CONTRIBUTING.md", "Markdown", 19, 0, 0, 0, 0, 7, 26
"d:\Mycodes\Gitrepos\javascript-algorithms\README.ar-AR.md", "Markdown", 274, 0, 0, 0, 0, 52, 326
"d:\Mycodes\Gitrepos\javascript-algorithms\README.de-DE.md", "Markdown", 285, 0, 0, 0, 0, 52, 337
"d:\Mycodes\Gitrepos\javascript-algorithms\README.es-ES.md", "Markdown", 259, 0, 0, 0, 0, 45, 304
"d:\Mycodes\Gitrepos\javascript-algorithms\README.fr-FR.md", "Markdown", 256, 0, 0, 0, 0, 45, 301
"d:\Mycodes\Gitrepos\javascript-algorithms\README.he-IL.md", "Markdown", 296, 0, 0, 0, 0, 73, 369
"d:\Mycodes\Gitrepos\javascript-algorithms\README.id-ID.md", "Markdown", 262, 0, 0, 0, 0, 48, 310
"d:\Mycodes\Gitrepos\javascript-algorithms\README.it-IT.md", "Markdown", 261, 0, 0, 0, 0, 42, 303
"d:\Mycodes\Gitrepos\javascript-algorithms\README.ja-JP.md", "Markdown", 262, 0, 0, 0, 0, 42, 304
"d:\Mycodes\Gitrepos\javascript-algorithms\README.ko-KR.md", "Markdown", 242, 0, 0, 0, 0, 43, 285
"d:\Mycodes\Gitrepos\javascript-algorithms\README.md", "Markdown", 320, 0, 0, 0, 0, 57, 377
"d:\Mycodes\Gitrepos\javascript-algorithms\README.pl-PL.md", "Markdown", 255, 0, 0, 0, 0, 42, 297
"d:\Mycodes\Gitrepos\javascript-algorithms\README.pt-BR.md", "Markdown", 261, 0, 0, 0, 0, 44, 305
"d:\Mycodes\Gitrepos\javascript-algorithms\README.ru-RU.md", "Markdown", 277, 0, 0, 0, 0, 44, 321
"d:\Mycodes\Gitrepos\javascript-algorithms\README.tr-TR.md", "Markdown", 277, 0, 0, 0, 0, 46, 323
"d:\Mycodes\Gitrepos\javascript-algorithms\README.uk-UA.md", "Markdown", 266, 0, 0, 0, 0, 45, 311
"d:\Mycodes\Gitrepos\javascript-algorithms\README.uz-UZ.md", "Markdown", 301, 0, 0, 0, 0, 56, 357
"d:\Mycodes\Gitrepos\javascript-algorithms\README.vi-VN.md", "Markdown", 283, 0, 0, 0, 0, 44, 327
"d:\Mycodes\Gitrepos\javascript-algorithms\README.zh-CN.md", "Markdown", 255, 0, 0, 0, 0, 43, 298
"d:\Mycodes\Gitrepos\javascript-algorithms\README.zh-TW.md", "Markdown", 194, 0, 0, 0, 0, 36, 230
"d:\Mycodes\Gitrepos\javascript-algorithms\jest.config.js", "JavaScript", 0, 0, 20, 0, 12, 9, 41
"d:\Mycodes\Gitrepos\javascript-algorithms\package-lock.json", "JSON", 0, 15788, 0, 0, 0, 1, 15789
"d:\Mycodes\Gitrepos\javascript-algorithms\package.json", "JSON", 0, 54, 0, 0, 0, 1, 55
"d:\Mycodes\Gitrepos\javascript-algorithms\src\algorithms\cryptography\caesar-cipher\README.md", "Markdown", 21, 0, 0, 0, 0, 13, 34
"d:\Mycodes\Gitrepos\javascript-algorithms\src\algorithms\cryptography\caesar-cipher\README.ru-RU.md", "Markdown", 19, 0, 0, 0, 0, 11, 30
"d:\Mycodes\Gitrepos\javascript-algorithms\src\algorithms\cryptography\caesar-cipher\__test__\caesarCipher.test.js", "JavaScript", 0, 0, 31, 0, 0, 10, 41
"d:\Mycodes\Gitrepos\javascript-algorithms\src\algorithms\cryptography\caesar-cipher\caesarCipher.js", "JavaScript", 0, 0, 29, 0, 26, 4, 59
"d:\Mycodes\Gitrepos\javascript-algorithms\src\algorithms\cryptography\hill-cipher\README.md", "Markdown", 65, 0, 0, 0, 0, 32, 97
"d:\Mycodes\Gitrepos\javascript-algorithms\src\algorithms\cryptography\hill-cipher\_test_\hillCipher.test.js", "JavaScript", 0, 0, 41, 0, 0, 6, 47
"d:\Mycodes\Gitrepos\javascript-algorithms\src\algorithms\cryptography\hill-cipher\hillCipher.js", "JavaScript", 0, 0, 50, 0, 28, 10, 88
"d:\Mycodes\Gitrepos\javascript-algorithms\src\algorithms\cryptography\polynomial-hash\PolynomialHash.js", "JavaScript", 0, 0, 43, 0, 33, 14, 90
"d:\Mycodes\Gitrepos\javascript-algorithms\src\algorithms\cryptography\polynomial-hash\README.md", "Markdown", 83, 0, 0, 0, 0, 34, 117
"d:\Mycodes\Gitrepos\javascript-algorithms\src\algorithms\cryptography\polynomial-hash\SimplePolynomialHash.js", "JavaScript", 0, 0, 22, 0, 34, 8, 64
"d:\Mycodes\Gitrepos\javascript-algorithms\src\algorithms\cryptography\polynomial-hash\__test__\PolynomialHash.test.js", "JavaScript", 0, 0, 42, 0, 7, 11, 60
"d:\Mycodes\Gitrepos\javascript-algorithms\src\algorithms\cryptography\polynomial-hash\__test__\SimplePolynomialHash.test.js", "JavaScript", 0, 0, 39, 0, 4, 10, 53
"d:\Mycodes\Gitrepos\javascript-algorithms\src\algorithms\cryptography\rail-fence-cipher\README.md", "Markdown", 20, 0, 0, 0, 0, 9, 29
"d:\Mycodes\Gitrepos\javascript-algorithms\src\algorithms\cryptography\rail-fence-cipher\__test__\railFenceCipher.test.js", "JavaScript", 0, 0, 39, 0, 0, 5, 44
"d:\Mycodes\Gitrepos\javascript-algorithms\src\algorithms\cryptography\rail-fence-cipher\railFenceCipher.js", "JavaScript", 0, 0, 132, 0, 86, 25, 243
"d:\Mycodes\Gitrepos\javascript-algorithms\src\algorithms\graph\articulation-points\README.md", "Markdown", 15, 0, 0, 0, 0, 8, 23
"d:\Mycodes\Gitrepos\javascript-algorithms\src\algorithms\graph\articulation-points\__test__\articulationPoints.test.js", "JavaScript", 0, 0, 190, 0, 0, 43, 233
"d:\Mycodes\Gitrepos\javascript-algorithms\src\algorithms\graph\articulation-points\articulationPoints.js", "JavaScript", 0, 0, 56, 0, 44, 14, 114
"d:\Mycodes\Gitrepos\javascript-algorithms\src\algorithms\graph\bellman-ford\README.md", "Markdown", 15, 0, 0, 0, 0, 7, 22
"d:\Mycodes\Gitrepos\javascript-algorithms\src\algorithms\graph\bellman-ford\__test__\bellmanFord.test.js", "JavaScript", 0, 0, 105, 0, 0, 13, 118
"d:\Mycodes\Gitrepos\javascript-algorithms\src\algorithms\graph\bellman-ford\bellmanFord.js", "JavaScript", 0, 0, 29, 0, 12, 5, 46
"d:\Mycodes\Gitrepos\javascript-algorithms\src\algorithms\graph\breadth-first-search\README.md", "Markdown", 12, 0, 0, 0, 0, 5, 17
"d:\Mycodes\Gitrepos\javascript-algorithms\src\algorithms\graph\breadth-first-search\__test__\breadthFirstSearch.test.js", "JavaScript", 0, 0, 146, 0, 3, 26, 175
"d:\Mycodes\Gitrepos\javascript-algorithms\src\algorithms\graph\breadth-first-search\breadthFirstSearch.js", "JavaScript", 0, 0, 38, 0, 24, 14, 76
"d:\Mycodes\Gitrepos\javascript-algorithms\src\algorithms\graph\bridges\README.md", "Markdown", 16, 0, 0, 0, 0, 11, 27
"d:\Mycodes\Gitrepos\javascript-algorithms\src\algorithms\graph\bridges\__test__\graphBridges.test.js", "JavaScript", 0, 0, 167, 0, 0, 37, 204
"d:\Mycodes\Gitrepos\javascript-algorithms\src\algorithms\graph\bridges\graphBridges.js", "JavaScript", 0, 0, 51, 0, 32, 13, 96
"d:\Mycodes\Gitrepos\javascript-algorithms\src\algorithms\graph\depth-first-search\README.md", "Markdown", 12, 0, 0, 0, 0, 5, 17
"d:\Mycodes\Gitrepos\javascript-algorithms\src\algorithms\graph\depth-first-search\__test__\depthFirstSearch.test.js", "JavaScript", 0, 0, 138, 0, 2, 26, 166
"d:\Mycodes\Gitrepos\javascript-algorithms\src\algorithms\graph\depth-first-search\depthFirstSearch.js", "JavaScript", 0, 0, 33, 0, 26, 10, 69
"d:\Mycodes\Gitrepos\javascript-algorithms\src\algorithms\graph\detect-cycle\README.md", "Markdown", 42, 0, 0, 0, 0, 19, 61
"d:\Mycodes\Gitrepos\javascript-algorithms\src\algorithms\graph\detect-cycle\__test__\detectDirectedCycle.test.js", "JavaScript", 0, 0, 36, 0, 0, 7, 43
"d:\Mycodes\Gitrepos\javascript-algorithms\src\algorithms\graph\detect-cycle\__test__\detectUndirectedCycle.test.js", "JavaScript", 0, 0, 35, 0, 0, 7, 42
"d:\Mycodes\Gitrepos\javascript-algorithms\src\algorithms\graph\detect-cycle\__test__\detectUndirectedCycleUsingDisjointSet.test.js", "JavaScript", 0, 0, 30, 0, 0, 7, 37
"d:\Mycodes\Gitrepos\javascript-algorithms\src\algorithms\graph\detect-cycle\detectDirectedCycle.js", "JavaScript", 0, 0, 46, 0, 31, 17, 94
"d:\Mycodes\Gitrepos\javascript-algorithms\src\algorithms\graph\detect-cycle\detectUndirectedCycle.js", "JavaScript", 0, 0, 35, 0, 13, 12, 60
"d:\Mycodes\Gitrepos\javascript-algorithms\src\algorithms\graph\detect-cycle\detectUndirectedCycleUsingDisjointSet.js", "JavaScript", 0, 0, 15, 0, 13, 4, 32
"d:\Mycodes\Gitrepos\javascript-algorithms\src\algorithms\graph\dijkstra\README.de-DE.md", "Markdown", 105, 0, 0, 0, 0, 57, 162
"d:\Mycodes\Gitrepos\javascript-algorithms\src\algorithms\graph\dijkstra\README.es-ES.md", "Markdown", 94, 0, 0, 0, 0, 57, 151
"d:\Mycodes\Gitrepos\javascript-algorithms\src\algorithms\graph\dijkstra\README.fr-FR.md", "Markdown", 100, 0, 0, 0, 0, 57, 157
"d:\Mycodes\Gitrepos\javascript-algorithms\src\algorithms\graph\dijkstra\README.he-IL.md", "Markdown", 104, 0, 0, 0, 0, 57, 161
"d:\Mycodes\Gitrepos\javascript-algorithms\src\algorithms\graph\dijkstra\README.ja-JP.md", "Markdown", 109, 0, 0, 0, 0, 57, 166
"d:\Mycodes\Gitrepos\javascript-algorithms\src\algorithms\graph\dijkstra\README.ko-KR.md", "Markdown", 98, 0, 0, 0, 0, 57, 155
"d:\Mycodes\Gitrepos\javascript-algorithms\src\algorithms\graph\dijkstra\README.md", "Markdown", 84, 0, 0, 0, 0, 57, 141
"d:\Mycodes\Gitrepos\javascript-algorithms\src\algorithms\graph\dijkstra\README.uk-UA.md", "Markdown", 84, 0, 0, 0, 0, 57, 141
"d:\Mycodes\Gitrepos\javascript-algorithms\src\algorithms\graph\dijkstra\README.zh-CN.md", "Markdown", 99, 0, 0, 0, 0, 57, 156
"d:\Mycodes\Gitrepos\javascript-algorithms\src\algorithms\graph\dijkstra\README.zh-TW.md", "Markdown", 105, 0, 0, 0, 0, 57, 162
"d:\Mycodes\Gitrepos\javascript-algorithms\src\algorithms\graph\dijkstra\__test__\dijkstra.test.js", "JavaScript", 0, 0, 105, 0, 0, 13, 118
"d:\Mycodes\Gitrepos\javascript-algorithms\src\algorithms\graph\dijkstra\dijkstra.js", "JavaScript", 0, 0, 38, 0, 28, 15, 81
"d:\Mycodes\Gitrepos\javascript-algorithms\src\algorithms\graph\eulerian-path\README.md", "Markdown", 26, 0, 0, 0, 0, 10, 36
"d:\Mycodes\Gitrepos\javascript-algorithms\src\algorithms\graph\eulerian-path\__test__\eulerianPath.test.js", "JavaScript", 0, 0, 117, 0, 0, 23, 140
"d:\Mycodes\Gitrepos\javascript-algorithms\src\algorithms\graph\eulerian-path\eulerianPath.js", "JavaScript", 0, 0, 52, 0, 32, 18, 102
"d:\Mycodes\Gitrepos\javascript-algorithms\src\algorithms\graph\floyd-warshall\README.md", "Markdown", 66, 0, 0, 0, 0, 29, 95
"d:\Mycodes\Gitrepos\javascript-algorithms\src\algorithms\graph\floyd-warshall\__test__\floydWarshall.test.js", "JavaScript", 0, 0, 183, 0, 6, 32, 221
"d:\Mycodes\Gitrepos\javascript-algorithms\src\algorithms\graph\floyd-warshall\floydWarshall.js", "JavaScript", 0, 0, 36, 0, 29, 8, 73
"d:\Mycodes\Gitrepos\javascript-algorithms\src\algorithms\graph\hamiltonian-cycle\README.md", "Markdown", 38, 0, 0, 0, 0, 11, 49
"d:\Mycodes\Gitrepos\javascript-algorithms\src\algorithms\graph\hamiltonian-cycle\__test__\hamiltonianCycle.test.js", "JavaScript", 0, 0, 76, 0, 0, 15, 91
"d:\Mycodes\Gitrepos\javascript-algorithms\src\algorithms\graph\hamiltonian-cycle\hamiltonianCycle.js", "JavaScript", 0, 0, 63, 0, 50, 22, 135
"d:\Mycodes\Gitrepos\javascript-algorithms\src\algorithms\graph\kruskal\README.ko-KR.md", "Markdown", 17, 0, 0, 0, 0, 13, 30
"d:\Mycodes\Gitrepos\javascript-algorithms\src\algorithms\graph\kruskal\README.md", "Markdown", 39, 0, 0, 0, 0, 14, 53
"d:\Mycodes\Gitrepos\javascript-algorithms\src\algorithms\graph\kruskal\__test__\kruskal.test.js", "JavaScript", 0, 0, 74, 0, 0, 18, 92
"d:\Mycodes\Gitrepos\javascript-algorithms\src\algorithms\graph\kruskal\kruskal.js", "JavaScript", 0, 0, 31, 0, 21, 11, 63
"d:\Mycodes\Gitrepos\javascript-algorithms\src\algorithms\graph\prim\README.md", "Markdown", 35, 0, 0, 0, 0, 13, 48
"d:\Mycodes\Gitrepos\javascript-algorithms\src\algorithms\graph\prim\__test__\prim.test.js", "JavaScript", 0, 0, 74, 0, 0, 18, 92
"d:\Mycodes\Gitrepos\javascript-algorithms\src\algorithms\graph\prim\prim.js", "JavaScript", 0, 0, 37, 0, 23, 14, 74
"d:\Mycodes\Gitrepos\javascript-algorithms\src\algorithms\graph\strongly-connected-components\README.md", "Markdown", 11, 0, 0, 0, 0, 6, 17
"d:\Mycodes\Gitrepos\javascript-algorithms\src\algorithms\graph\strongly-connected-components\__test__\stronglyConnectedComponents.test.js", "JavaScript", 0, 0, 84, 0, 0, 19, 103
"d:\Mycodes\Gitrepos\javascript-algorithms\src\algorithms\graph\strongly-connected-components\stronglyConnectedComponents.js", "JavaScript", 0, 0, 61, 0, 51, 22, 134
"d:\Mycodes\Gitrepos\javascript-algorithms\src\algorithms\graph\topological-sorting\README.md", "Markdown", 41, 0, 0, 0, 0, 15, 56
"d:\Mycodes\Gitrepos\javascript-algorithms\src\algorithms\graph\topological-sorting\__test__\topologicalSort.test.js", "JavaScript", 0, 0, 47, 0, 0, 7, 54
"d:\Mycodes\Gitrepos\javascript-algorithms\src\algorithms\graph\topological-sorting\topologicalSort.js", "JavaScript", 0, 0, 28, 0, 11, 9, 48
"d:\Mycodes\Gitrepos\javascript-algorithms\src\algorithms\graph\travelling-salesman\README.md", "Markdown", 19, 0, 0, 0, 0, 8, 27
"d:\Mycodes\Gitrepos\javascript-algorithms\src\algorithms\graph\travelling-salesman\__test__\bfTravellingSalesman.test.js", "JavaScript", 0, 0, 44, 0, 0, 8, 52
"d:\Mycodes\Gitrepos\javascript-algorithms\src\algorithms\graph\travelling-salesman\bfTravellingSalesman.js", "JavaScript", 0, 0, 54, 0, 32, 19, 105
"d:\Mycodes\Gitrepos\javascript-algorithms\src\algorithms\image-processing\seam-carving\README.md", "Markdown", 359, 0, 0, 0, 0, 151, 510
"d:\Mycodes\Gitrepos\javascript-algorithms\src\algorithms\image-processing\seam-carving\README.ru-RU.md", "Markdown", 359, 0, 0, 0, 0, 151, 510
"d:\Mycodes\Gitrepos\javascript-algorithms\src\algorithms\image-processing\seam-carving\__tests__\resizeImageWidth.node.js", "JavaScript", 0, 0, 55, 0, 13, 18, 86
"d:\Mycodes\Gitrepos\javascript-algorithms\src\algorithms\image-processing\seam-carving\resizeImageWidth.js", "JavaScript", 0, 0, 107, 0, 115, 32, 254
"d:\Mycodes\Gitrepos\javascript-algorithms\src\algorithms\image-processing\utils\imageData.js", "JavaScript", 0, 0, 10, 0, 26, 4, 40
"d:\Mycodes\Gitrepos\javascript-algorithms\src\algorithms\linked-list\reverse-traversal\README.md", "Markdown", 14, 0, 0, 0, 0, 10, 24
"d:\Mycodes\Gitrepos\javascript-algorithms\src\algorithms\linked-list\reverse-traversal\README.pt-BR.md", "Markdown", 14, 0, 0, 0, 0, 10, 24
"d:\Mycodes\Gitrepos\javascript-algorithms\src\algorithms\linked-list\reverse-traversal\README.zh-CN.md", "Markdown", 11, 0, 0, 0, 0, 9, 20
"d:\Mycodes\Gitrepos\javascript-algorithms\src\algorithms\linked-list\reverse-traversal\__test__\reverseTraversal.test.js", "JavaScript", 0, 0, 17, 0, 12, 7, 36
"d:\Mycodes\Gitrepos\javascript-algorithms\src\algorithms\linked-list\reverse-traversal\reverseTraversal.js", "JavaScript", 0, 0, 9, 0, 13, 3, 25
"d:\Mycodes\Gitrepos\javascript-algorithms\src\algorithms\linked-list\traversal\README.md", "Markdown", 15, 0, 0, 0, 0, 10, 25
"d:\Mycodes\Gitrepos\javascript-algorithms\src\algorithms\linked-list\traversal\README.pt-BR.md", "Markdown", 15, 0, 0, 0, 0, 10, 25
"d:\Mycodes\Gitrepos\javascript-algorithms\src\algorithms\linked-list\traversal\README.ru-RU.md", "Markdown", 11, 0, 0, 0, 0, 9, 20
"d:\Mycodes\Gitrepos\javascript-algorithms\src\algorithms\linked-list\traversal\README.zh-CN.md", "Markdown", 11, 0, 0, 0, 0, 8, 19
"d:\Mycodes\Gitrepos\javascript-algorithms\src\algorithms\linked-list\traversal\__test__\traversal.test.js", "JavaScript", 0, 0, 17, 0, 0, 6, 23
"d:\Mycodes\Gitrepos\javascript-algorithms\src\algorithms\linked-list\traversal\traversal.js", "JavaScript", 0, 0, 7, 0, 9, 3, 19
"d:\Mycodes\Gitrepos\javascript-algorithms\src\algorithms\math\binary-floating-point\README.md", "Markdown", 71, 0, 0, 0, 0, 33, 104
"d:\Mycodes\Gitrepos\javascript-algorithms\src\algorithms\math\binary-floating-point\__tests__\bitsToFloat.test.js", "JavaScript", 0, 0, 29, 0, 0, 4, 33
"d:\Mycodes\Gitrepos\javascript-algorithms\src\algorithms\math\binary-floating-point\__tests__\floatAsBinaryString.test.js", "JavaScript", 0, 0, 18, 0, 0, 3, 21
"d:\Mycodes\Gitrepos\javascript-algorithms\src\algorithms\math\binary-floating-point\bitsToFloat.js", "JavaScript", 0, 0, 49, 0, 59, 12, 120
"d:\Mycodes\Gitrepos\javascript-algorithms\src\algorithms\math\binary-floating-point\floatAsBinaryString.js", "JavaScript", 0, 0, 29, 0, 22, 11, 62
"d:\Mycodes\Gitrepos\javascript-algorithms\src\algorithms\math\binary-floating-point\testCases.js", "JavaScript", 0, 0, 54, 0, 14, 4, 72
"d:\Mycodes\Gitrepos\javascript-algorithms\src\algorithms\math\bits\README.fr-FR.md", "Markdown", 216, 0, 0, 0, 0, 80, 296
"d:\Mycodes\Gitrepos\javascript-algorithms\src\algorithms\math\bits\README.md", "Markdown", 197, 0, 0, 0, 0, 78, 275
"d:\Mycodes\Gitrepos\javascript-algorithms\src\algorithms\math\bits\README.zh-CN.md", "Markdown", 157, 0, 0, 0, 0, 80, 237
"d:\Mycodes\Gitrepos\javascript-algorithms\src\algorithms\math\bits\__test__\bitLength.test.js", "JavaScript", 0, 0, 13, 0, 0, 2, 15
"d:\Mycodes\Gitrepos\javascript-algorithms\src\algorithms\math\bits\__test__\bitsDiff.test.js", "JavaScript", 0, 0, 12, 0, 0, 2, 14
"d:\Mycodes\Gitrepos\javascript-algorithms\src\algorithms\math\bits\__test__\clearBit.test.js", "JavaScript", 0, 0, 11, 0, 2, 3, 16
"d:\Mycodes\Gitrepos\javascript-algorithms\src\algorithms\math\bits\__test__\countSetBits.test.js", "JavaScript", 0, 0, 19, 0, 0, 2, 21
"d:\Mycodes\Gitrepos\javascript-algorithms\src\algorithms\math\bits\__test__\divideByTwo.test.js", "JavaScript", 0, 0, 11, 0, 0, 2, 13
"d:\Mycodes\Gitrepos\javascript-algorithms\src\algorithms\math\bits\__test__\fullAdder.test.js", "JavaScript", 0, 0, 17, 0, 0, 2, 19
"d:\Mycodes\Gitrepos\javascript-algorithms\src\algorithms\math\bits\__test__\getBit.test.js", "JavaScript", 0, 0, 15, 0, 4, 5, 24
"d:\Mycodes\Gitrepos\javascript-algorithms\src\algorithms\math\bits\__test__\isEven.test.js", "JavaScript", 0, 0, 18, 0, 0, 2, 20
"d:\Mycodes\Gitrepos\javascript-algorithms\src\algorithms\math\bits\__test__\isPositive.test.js", "JavaScript", 0, 0, 17, 0, 0, 3, 20
"d:\Mycodes\Gitrepos\javascript-algorithms\src\algorithms\math\bits\__test__\isPowerOfTwo.test.js", "JavaScript", 0, 0, 19, 0, 0, 2, 21
"d:\Mycodes\Gitrepos\javascript-algorithms\src\algorithms\math\bits\__test__\multiply.test.js", "JavaScript", 0, 0, 17, 0, 0, 2, 19
"d:\Mycodes\Gitrepos\javascript-algorithms\src\algorithms\math\bits\__test__\multiplyByTwo.test.js", "JavaScript", 0, 0, 11, 0, 0, 2, 13
"d:\Mycodes\Gitrepos\javascript-algorithms\src\algorithms\math\bits\__test__\multiplyUnsigned.test.js", "JavaScript", 0, 0, 14, 0, 0, 2, 16
"d:\Mycodes\Gitrepos\javascript-algorithms\src\algorithms\math\bits\__test__\setBit.test.js", "JavaScript", 0, 0, 11, 0, 2, 3, 16
"d:\Mycodes\Gitrepos\javascript-algorithms\src\algorithms\math\bits\__test__\switchSign.test.js", "JavaScript", 0, 0, 12, 0, 0, 2, 14
"d:\Mycodes\Gitrepos\javascript-algorithms\src\algorithms\math\bits\__test__\updateBit.test.js", "JavaScript", 0, 0, 15, 0, 2, 3, 20
"d:\Mycodes\Gitrepos\javascript-algorithms\src\algorithms\math\bits\bitLength.js", "JavaScript", 0, 0, 7, 0, 6, 3, 16
"d:\Mycodes\Gitrepos\javascript-algorithms\src\algorithms\math\bits\bitsDiff.js", "JavaScript", 0, 0, 4, 0, 8, 2, 14
"d:\Mycodes\Gitrepos\javascript-algorithms\src\algorithms\math\bits\clearBit.js", "JavaScript", 0, 0, 4, 0, 5, 2, 11
"d:\Mycodes\Gitrepos\javascript-algorithms\src\algorithms\math\bits\countSetBits.js", "JavaScript", 0, 0, 9, 0, 6, 4, 19
"d:\Mycodes\Gitrepos\javascript-algorithms\src\algorithms\math\bits\divideByTwo.js", "JavaScript", 0, 0, 3, 0, 4, 1, 8
"d:\Mycodes\Gitrepos\javascript-algorithms\src\algorithms\math\bits\fullAdder.js", "JavaScript", 0, 0, 16, 0, 47, 8, 71
"d:\Mycodes\Gitrepos\javascript-algorithms\src\algorithms\math\bits\getBit.js", "JavaScript", 0, 0, 3, 0, 5, 1, 9
"d:\Mycodes\Gitrepos\javascript-algorithms\src\algorithms\math\bits\isEven.js", "JavaScript", 0, 0, 3, 0, 4, 1, 8
"d:\Mycodes\Gitrepos\javascript-algorithms\src\algorithms\math\bits\isPositive.js", "JavaScript", 0, 0, 6, 0, 6, 2, 14
"d:\Mycodes\Gitrepos\javascript-algorithms\src\algorithms\math\bits\isPowerOfTwo.js", "JavaScript", 0, 0, 3, 0, 4, 1, 8
"d:\Mycodes\Gitrepos\javascript-algorithms\src\algorithms\math\bits\multiply.js", "JavaScript", 0, 0, 14, 0, 23, 5, 42
"d:\Mycodes\Gitrepos\javascript-algorithms\src\algorithms\math\bits\multiplyByTwo.js", "JavaScript", 0, 0, 3, 0, 4, 1, 8
"d:\Mycodes\Gitrepos\javascript-algorithms\src\algorithms\math\bits\multiplyUnsigned.js", "JavaScript", 0, 0, 13, 0, 25, 6, 44
"d:\Mycodes\Gitrepos\javascript-algorithms\src\algorithms\math\bits\setBit.js", "JavaScript", 0, 0, 3, 0, 5, 1, 9
"d:\Mycodes\Gitrepos\javascript-algorithms\src\algorithms\math\bits\switchSign.js", "JavaScript", 0, 0, 3, 0, 5, 1, 9
"d:\Mycodes\Gitrepos\javascript-algorithms\src\algorithms\math\bits\updateBit.js", "JavaScript", 0, 0, 5, 0, 9, 3, 17
"d:\Mycodes\Gitrepos\javascript-algorithms\src\algorithms\math\complex-number\ComplexNumber.js", "JavaScript", 0, 0, 84, 0, 54, 23, 161
"d:\Mycodes\Gitrepos\javascript-algorithms\src\algorithms\math\complex-number\README.fr-FR.md", "Markdown", 161, 0, 0, 0, 0, 77, 238
"d:\Mycodes\Gitrepos\javascript-algorithms\src\algorithms\math\complex-number\README.md", "Markdown", 153, 0, 0, 0, 0, 76, 229
"d:\Mycodes\Gitrepos\javascript-algorithms\src\algorithms\math\complex-number\__test__\ComplexNumber.test.js", "JavaScript", 0, 0, 135, 0, 0, 47, 182
"d:\Mycodes\Gitrepos\javascript-algorithms\src\algorithms\math\euclidean-algorithm\README.fr-FR.md", "Markdown", 37, 0, 0, 0, 0, 13, 50
"d:\Mycodes\Gitrepos\javascript-algorithms\src\algorithms\math\euclidean-algorithm\README.md", "Markdown", 48, 0, 0, 0, 0, 13, 61
"d:\Mycodes\Gitrepos\javascript-algorithms\src\algorithms\math\euclidean-algorithm\__test__\euclideanAlgorithm.test.js", "JavaScript", 0, 0, 25, 0, 0, 2, 27
"d:\Mycodes\Gitrepos\javascript-algorithms\src\algorithms\math\euclidean-algorithm\__test__\euclideanAlgorithmIterative.test.js", "JavaScript", 0, 0, 25, 0, 0, 2, 27
"d:\Mycodes\Gitrepos\javascript-algorithms\src\algorithms\math\euclidean-algorithm\euclideanAlgorithm.js", "JavaScript", 0, 0, 5, 0, 9, 2, 16
"d:\Mycodes\Gitrepos\javascript-algorithms\src\algorithms\math\euclidean-algorithm\euclideanAlgorithmIterative.js", "JavaScript", 0, 0, 8, 0, 10, 3, 21
"d:\Mycodes\Gitrepos\javascript-algorithms\src\algorithms\math\euclidean-distance\README.md", "Markdown", 19, 0, 0, 0, 0, 18, 37
"d:\Mycodes\Gitrepos\javascript-algorithms\src\algorithms\math\euclidean-distance\__tests__\euclideanDistance.test.js", "JavaScript", 0, 0, 20, 0, 0, 4, 24
"d:\Mycodes\Gitrepos\javascript-algorithms\src\algorithms\math\euclidean-distance\euclideanDistance.js", "JavaScript", 0, 0, 11, 0, 11, 7, 29
"d:\Mycodes\Gitrepos\javascript-algorithms\src\algorithms\math\factorial\README.fr-FR.md", "Markdown", 29, 0, 0, 0, 0, 7, 36
"d:\Mycodes\Gitrepos\javascript-algorithms\src\algorithms\math\factorial\README.ka-GE.md", "Markdown", 27, 0, 0, 0, 0, 6, 33
"d:\Mycodes\Gitrepos\javascript-algorithms\src\algorithms\math\factorial\README.md", "Markdown", 29, 0, 0, 0, 0, 7, 36
"d:\Mycodes\Gitrepos\javascript-algorithms\src\algorithms\math\factorial\README.tr-TR.md", "Markdown", 32, 0, 0, 0, 0, 7, 39
"d:\Mycodes\Gitrepos\javascript-algorithms\src\algorithms\math\factorial\README.uk-UA.md", "Markdown", 27, 0, 0, 0, 0, 7, 34
"d:\Mycodes\Gitrepos\javascript-algorithms\src\algorithms\math\factorial\README.zh-CN.md", "Markdown", 23, 0, 0, 0, 0, 5, 28
"d:\Mycodes\Gitrepos\javascript-algorithms\src\algorithms\math\factorial\__test__\factorial.test.js", "JavaScript", 0, 0, 10, 0, 0, 2, 12
"d:\Mycodes\Gitrepos\javascript-algorithms\src\algorithms\math\factorial\__test__\factorialRecursive.test.js", "JavaScript", 0, 0, 10, 0, 0, 2, 12
"d:\Mycodes\Gitrepos\javascript-algorithms\src\algorithms\math\factorial\factorial.js", "JavaScript", 0, 0, 7, 0, 4, 3, 14
"d:\Mycodes\Gitrepos\javascript-algorithms\src\algorithms\math\factorial\factorialRecursive.js", "JavaScript", 0, 0, 3, 0, 4, 1, 8
"d:\Mycodes\Gitrepos\javascript-algorithms\src\algorithms\math\fast-powering\README.fr-FR.md", "Markdown", 48, 0, 0, 0, 0, 26, 74
"d:\Mycodes\Gitrepos\javascript-algorithms\src\algorithms\math\fast-powering\README.md", "Markdown", 46, 0, 0, 0, 0, 26, 72
"d:\Mycodes\Gitrepos\javascript-algorithms\src\algorithms\math\fast-powering\__test__\fastPowering.test.js", "JavaScript", 0, 0, 22, 0, 0, 2, 24
"d:\Mycodes\Gitrepos\javascript-algorithms\src\algorithms\math\fast-powering\fastPowering.js", "JavaScript", 0, 0, 11, 0, 17, 3, 31
"d:\Mycodes\Gitrepos\javascript-algorithms\src\algorithms\math\fibonacci\README.fr-FR.md", "Markdown", 15, 0, 0, 0, 0, 10, 25
"d:\Mycodes\Gitrepos\javascript-algorithms\src\algorithms\math\fibonacci\README.ka-GE.md", "Markdown", 12, 0, 0, 0, 0, 9, 21
"d:\Mycodes\Gitrepos\javascript-algorithms\src\algorithms\math\fibonacci\README.md", "Markdown", 16, 0, 0, 0, 0, 10, 26
"d:\Mycodes\Gitrepos\javascript-algorithms\src\algorithms\math\fibonacci\README.zh-CN.md", "Markdown", 13, 0, 0, 0, 0, 11, 24
"d:\Mycodes\Gitrepos\javascript-algorithms\src\algorithms\math\fibonacci\__test__\fibonacci.test.js", "JavaScript", 0, 0, 15, 0, 0, 2, 17
"d:\Mycodes\Gitrepos\javascript-algorithms\src\algorithms\math\fibonacci\__test__\fibonacciNth.test.js", "JavaScript", 0, 0, 22, 0, 0, 2, 24
"d:\Mycodes\Gitrepos\javascript-algorithms\src\algorithms\math\fibonacci\__test__\fibonacciNthClosedForm.test.js", "JavaScript", 0, 0, 23, 0, 0, 4, 27
"d:\Mycodes\Gitrepos\javascript-algorithms\src\algorithms\math\fibonacci\fibonacci.js", "JavaScript", 0, 0, 16, 0, 6, 8, 30
"d:\Mycodes\Gitrepos\javascript-algorithms\src\algorithms\math\fibonacci\fibonacciNth.js", "JavaScript", 0, 0, 14, 0, 6, 6, 26
"d:\Mycodes\Gitrepos\javascript-algorithms\src\algorithms\math\fibonacci\fibonacciNthClosedForm.js", "JavaScript", 0, 0, 9, 0, 11, 4, 24
"d:\Mycodes\Gitrepos\javascript-algorithms\src\algorithms\math\fourier-transform\README.fr-FR.md", "Markdown", 93, 0, 0, 0, 0, 43, 136
"d:\Mycodes\Gitrepos\javascript-algorithms\src\algorithms\math\fourier-transform\README.md", "Markdown", 94, 0, 0, 0, 0, 40, 134
"d:\Mycodes\Gitrepos\javascript-algorithms\src\algorithms\math\fourier-transform\__test__\FourierTester.js", "JavaScript", 0, 0, 268, 0, 16, 12, 296
"d:\Mycodes\Gitrepos\javascript-algorithms\src\algorithms\math\fourier-transform\__test__\discreteFourierTransform.test.js", "JavaScript", 0, 0, 7, 0, 0, 2, 9
"d:\Mycodes\Gitrepos\javascript-algorithms\src\algorithms\math\fourier-transform\__test__\fastFourierTransform.test.js", "JavaScript", 0, 0, 80, 0, 6, 16, 102
"d:\Mycodes\Gitrepos\javascript-algorithms\src\algorithms\math\fourier-transform\__test__\inverseDiscreteFourierTransform.test.js", "JavaScript", 0, 0, 7, 0, 0, 2, 9
"d:\Mycodes\Gitrepos\javascript-algorithms\src\algorithms\math\fourier-transform\discreteFourierTransform.js", "JavaScript", 0, 0, 27, 0, 30, 13, 70
"d:\Mycodes\Gitrepos\javascript-algorithms\src\algorithms\math\fourier-transform\fastFourierTransform.js", "JavaScript", 0, 0, 47, 0, 15, 16, 78
"d:\Mycodes\Gitrepos\javascript-algorithms\src\algorithms\math\fourier-transform\inverseDiscreteFourierTransform.js", "JavaScript", 0, 0, 29, 0, 18, 12, 59
"d:\Mycodes\Gitrepos\javascript-algorithms\src\algorithms\math\horner-method\README.md", "Markdown", 11, 0, 0, 0, 0, 10, 21
"d:\Mycodes\Gitrepos\javascript-algorithms\src\algorithms\math\horner-method\__test__\classicPolynome.test.js", "JavaScript", 0, 0, 13, 0, 0, 2, 15
"d:\Mycodes\Gitrepos\javascript-algorithms\src\algorithms\math\horner-method\__test__\hornerMethod.test.js", "JavaScript", 0, 0, 19, 0, 0, 3, 22
"d:\Mycodes\Gitrepos\javascript-algorithms\src\algorithms\math\horner-method\classicPolynome.js", "JavaScript", 0, 0, 8, 0, 8, 1, 17
"d:\Mycodes\Gitrepos\javascript-algorithms\src\algorithms\math\horner-method\hornerMethod.js", "JavaScript", 0, 0, 8, 0, 8, 1, 17
"d:\Mycodes\Gitrepos\javascript-algorithms\src\algorithms\math\integer-partition\README.md", "Markdown", 26, 0, 0, 0, 0, 9, 35
"d:\Mycodes\Gitrepos\javascript-algorithms\src\algorithms\math\integer-partition\__test__\integerPartition.test.js", "JavaScript", 0, 0, 13, 0, 0, 2, 15
"d:\Mycodes\Gitrepos\javascript-algorithms\src\algorithms\math\integer-partition\integerPartition.js", "JavaScript", 0, 0, 23, 0, 28, 7, 58
"d:\Mycodes\Gitrepos\javascript-algorithms\src\algorithms\math\is-power-of-two\README.md", "Markdown", 38, 0, 0, 0, 0, 14, 52
"d:\Mycodes\Gitrepos\javascript-algorithms\src\algorithms\math\is-power-of-two\__test__\isPowerOfTwo.test.js", "JavaScript", 0, 0, 22, 0, 0, 2, 24
"d:\Mycodes\Gitrepos\javascript-algorithms\src\algorithms\math\is-power-of-two\__test__\isPowerOfTwoBitwise.test.js", "JavaScript", 0, 0, 22, 0, 0, 2, 24
"d:\Mycodes\Gitrepos\javascript-algorithms\src\algorithms\math\is-power-of-two\isPowerOfTwo.js", "JavaScript", 0, 0, 13, 0, 9, 4, 26
"d:\Mycodes\Gitrepos\javascript-algorithms\src\algorithms\math\is-power-of-two\isPowerOfTwoBitwise.js", "JavaScript", 0, 0, 6, 0, 19, 2, 27
"d:\Mycodes\Gitrepos\javascript-algorithms\src\algorithms\math\least-common-multiple\README.md", "Markdown", 44, 0, 0, 0, 0, 19, 63
"d:\Mycodes\Gitrepos\javascript-algorithms\src\algorithms\math\least-common-multiple\__test__\leastCommonMultiple.test.js", "JavaScript", 0, 0, 17, 0, 0, 2, 19
"d:\Mycodes\Gitrepos\javascript-algorithms\src\algorithms\math\least-common-multiple\leastCommonMultiple.js", "JavaScript", 0, 0, 4, 0, 5, 3, 12
"d:\Mycodes\Gitrepos\javascript-algorithms\src\algorithms\math\liu-hui\README.md", "Markdown", 64, 0, 0, 0, 0, 29, 93
"d:\Mycodes\Gitrepos\javascript-algorithms\src\algorithms\math\liu-hui\__test__\liuHui.test.js", "JavaScript", 0, 0, 15, 0, 0, 5, 20
"d:\Mycodes\Gitrepos\javascript-algorithms\src\algorithms\math\liu-hui\liuHui.js", "JavaScript", 0, 0, 22, 0, 24, 9, 55
"d:\Mycodes\Gitrepos\javascript-algorithms\src\algorithms\math\matrix\Matrix.js", "JavaScript", 0, 0, 153, 0, 123, 34, 310
"d:\Mycodes\Gitrepos\javascript-algorithms\src\algorithms\math\matrix\README.md", "Markdown", 34, 0, 0, 0, 0, 30, 64
"d:\Mycodes\Gitrepos\javascript-algorithms\src\algorithms\math\matrix\__tests__\Matrix.test.js", "JavaScript", 0, 0, 401, 0, 0, 55, 456
"d:\Mycodes\Gitrepos\javascript-algorithms\src\algorithms\math\pascal-triangle\README.md", "Markdown", 47, 0, 0, 0, 0, 18, 65
"d:\Mycodes\Gitrepos\javascript-algorithms\src\algorithms\math\pascal-triangle\__test__\pascalTriangle.test.js", "JavaScript", 0, 0, 13, 0, 0, 2, 15
"d:\Mycodes\Gitrepos\javascript-algorithms\src\algorithms\math\pascal-triangle\__test__\pascalTriangleRecursive.test.js", "JavaScript", 0, 0, 13, 0, 0, 2, 15
"d:\Mycodes\Gitrepos\javascript-algorithms\src\algorithms\math\pascal-triangle\pascalTriangle.js", "JavaScript", 0, 0, 8, 0, 5, 4, 17
"d:\Mycodes\Gitrepos\javascript-algorithms\src\algorithms\math\pascal-triangle\pascalTriangleRecursive.js", "JavaScript", 0, 0, 15, 0, 9, 7, 31
"d:\Mycodes\Gitrepos\javascript-algorithms\src\algorithms\math\primality-test\README.md", "Markdown", 20, 0, 0, 0, 0, 6, 26
"d:\Mycodes\Gitrepos\javascript-algorithms\src\algorithms\math\primality-test\__test__\trialDivision.test.js", "JavaScript", 0, 0, 29, 0, 4, 5, 38
"d:\Mycodes\Gitrepos\javascript-algorithms\src\algorithms\math\primality-test\trialDivision.js", "JavaScript", 0, 0, 21, 0, 9, 6, 36
"d:\Mycodes\Gitrepos\javascript-algorithms\src\algorithms\math\prime-factors\README.md", "Markdown", 21, 0, 0, 0, 0, 17, 38
"d:\Mycodes\Gitrepos\javascript-algorithms\src\algorithms\math\prime-factors\README.zh-CN.md", "Markdown", 21, 0, 0, 0, 0, 18, 39
"d:\Mycodes\Gitrepos\javascript-algorithms\src\algorithms\math\prime-factors\__test__\primeFactors.test.js", "JavaScript", 0, 0, 67, 0, 6, 15, 88
"d:\Mycodes\Gitrepos\javascript-algorithms\src\algorithms\math\prime-factors\primeFactors.js", "JavaScript", 0, 0, 17, 0, 20, 6, 43
"d:\Mycodes\Gitrepos\javascript-algorithms\src\algorithms\math\radian\README.md", "Markdown", 25, 0, 0, 0, 0, 12, 37
"d:\Mycodes\Gitrepos\javascript-algorithms\src\algorithms\math\radian\__test__\degreeToRadian.test.js", "JavaScript", 0, 0, 11, 0, 0, 2, 13
"d:\Mycodes\Gitrepos\javascript-algorithms\src\algorithms\math\radian\__test__\radianToDegree.test.js", "JavaScript", 0, 0, 11, 0, 0, 2, 13
"d:\Mycodes\Gitrepos\javascript-algorithms\src\algorithms\math\radian\degreeToRadian.js", "JavaScript", 0, 0, 3, 0, 4, 1, 8
"d:\Mycodes\Gitrepos\javascript-algorithms\src\algorithms\math\radian\radianToDegree.js", "JavaScript", 0, 0, 3, 0, 4, 1, 8
"d:\Mycodes\Gitrepos\javascript-algorithms\src\algorithms\math\sieve-of-eratosthenes\README.md", "Markdown", 20, 0, 0, 0, 0, 13, 33
"d:\Mycodes\Gitrepos\javascript-algorithms\src\algorithms\math\sieve-of-eratosthenes\__test__\sieveOfEratosthenes.test.js", "JavaScript", 0, 0, 11, 0, 0, 2, 13
"d:\Mycodes\Gitrepos\javascript-algorithms\src\algorithms\math\sieve-of-eratosthenes\sieveOfEratosthenes.js", "JavaScript", 0, 0, 17, 0, 14, 6, 37
"d:\Mycodes\Gitrepos\javascript-algorithms\src\algorithms\math\square-root\README.md", "Markdown", 41, 0, 0, 0, 0, 22, 63
"d:\Mycodes\Gitrepos\javascript-algorithms\src\algorithms\math\square-root\__test__\squareRoot.test.js", "JavaScript", 0, 0, 60, 0, 0, 10, 70
"d:\Mycodes\Gitrepos\javascript-algorithms\src\algorithms\math\square-root\squareRoot.js", "JavaScript", 0, 0, 14, 0, 21, 6, 41
"d:\Mycodes\Gitrepos\javascript-algorithms\src\algorithms\ml\k-means\README.md", "Markdown", 24, 0, 0, 0, 0, 17, 41
"d:\Mycodes\Gitrepos\javascript-algorithms\src\algorithms\ml\k-means\README.pt-BR.md", "Markdown", 21, 0, 0, 0, 0, 15, 36
"d:\Mycodes\Gitrepos\javascript-algorithms\src\algorithms\ml\k-means\__test__\kMeans.test.js", "JavaScript", 0, 0, 34, 0, 0, 7, 41
"d:\Mycodes\Gitrepos\javascript-algorithms\src\algorithms\ml\k-means\kMeans.js", "JavaScript", 0, 0, 51, 0, 23, 12, 86
"d:\Mycodes\Gitrepos\javascript-algorithms\src\algorithms\ml\knn\README.md", "Markdown", 25, 0, 0, 0, 0, 20, 45
"d:\Mycodes\Gitrepos\javascript-algorithms\src\algorithms\ml\knn\README.pt-BR.md", "Markdown", 25, 0, 0, 0, 0, 20, 45
"d:\Mycodes\Gitrepos\javascript-algorithms\src\algorithms\ml\knn\__test__\knn.test.js", "JavaScript", 0, 0, 61, 0, 0, 11, 72
"d:\Mycodes\Gitrepos\javascript-algorithms\src\algorithms\ml\knn\kNN.js", "JavaScript", 0, 0, 39, 0, 15, 7, 61
"d:\Mycodes\Gitrepos\javascript-algorithms\src\algorithms\search\binary-search\README.es-ES.md", "Markdown", 20, 0, 0, 0, 0, 8, 28
"d:\Mycodes\Gitrepos\javascript-algorithms\src\algorithms\search\binary-search\README.md", "Markdown", 20, 0, 0, 0, 0, 8, 28
"d:\Mycodes\Gitrepos\javascript-algorithms\src\algorithms\search\binary-search\README.pt-BR.md", "Markdown", 16, 0, 0, 0, 0, 8, 24
"d:\Mycodes\Gitrepos\javascript-algorithms\src\algorithms\search\binary-search\__test__\binarySearch.test.js", "JavaScript", 0, 0, 30, 0, 0, 5, 35
"d:\Mycodes\Gitrepos\javascript-algorithms\src\algorithms\search\binary-search\binarySearch.js", "JavaScript", 0, 0, 18, 0, 19, 8, 45
"d:\Mycodes\Gitrepos\javascript-algorithms\src\algorithms\search\interpolation-search\README.md", "Markdown", 29, 0, 0, 0, 0, 12, 41
"d:\Mycodes\Gitrepos\javascript-algorithms\src\algorithms\search\interpolation-search\__test__\interpolationSearch.test.js", "JavaScript", 0, 0, 23, 0, 0, 2, 25
"d:\Mycodes\Gitrepos\javascript-algorithms\src\algorithms\search\interpolation-search\interpolationSearch.js", "JavaScript", 0, 0, 25, 0, 20, 8, 53
"d:\Mycodes\Gitrepos\javascript-algorithms\src\algorithms\search\jump-search\README.md", "Markdown", 20, 0, 0, 0, 0, 8, 28
"d:\Mycodes\Gitrepos\javascript-algorithms\src\algorithms\search\jump-search\__test__\jumpSearch.test.js", "JavaScript", 0, 0, 35, 0, 0, 5, 40
"d:\Mycodes\Gitrepos\javascript-algorithms\src\algorithms\search\jump-search\jumpSearch.js", "JavaScript", 0, 0, 26, 0, 17, 9, 52
"d:\Mycodes\Gitrepos\javascript-algorithms\src\algorithms\search\linear-search\README.md", "Markdown", 17, 0, 0, 0, 0, 7, 24
"d:\Mycodes\Gitrepos\javascript-algorithms\src\algorithms\search\linear-search\README.pt-BR.md", "Markdown", 13, 0, 0, 0, 0, 7, 20
"d:\Mycodes\Gitrepos\javascript-algorithms\src\algorithms\search\linear-search\__test__\linearSearch.test.js", "JavaScript", 0, 0, 32, 0, 0, 9, 41
"d:\Mycodes\Gitrepos\javascript-algorithms\src\algorithms\search\linear-search\linearSearch.js", "JavaScript", 0, 0, 11, 0, 8, 4, 23
"d:\Mycodes\Gitrepos\javascript-algorithms\src\algorithms\sets\cartesian-product\README.md", "Markdown", 9, 0, 0, 0, 0, 6, 15
"d:\Mycodes\Gitrepos\javascript-algorithms\src\algorithms\sets\cartesian-product\__test__\cartesianProduct.test.js", "JavaScript", 0, 0, 15, 0, 0, 5, 20
"d:\Mycodes\Gitrepos\javascript-algorithms\src\algorithms\sets\cartesian-product\cartesianProduct.js", "JavaScript", 0, 0, 12, 0, 12, 4, 28
"d:\Mycodes\Gitrepos\javascript-algorithms\src\algorithms\sets\combination-sum\README.md", "Markdown", 45, 0, 0, 0, 0, 16, 61
"d:\Mycodes\Gitrepos\javascript-algorithms\src\algorithms\sets\combination-sum\__test__\combinationSum.test.js", "JavaScript", 0, 0, 19, 0, 0, 6, 25
"d:\Mycodes\Gitrepos\javascript-algorithms\src\algorithms\sets\combination-sum\combinationSum.js", "JavaScript", 0, 0, 31, 0, 26, 9, 66
"d:\Mycodes\Gitrepos\javascript-algorithms\src\algorithms\sets\combinations\README.md", "Markdown", 42, 0, 0, 0, 0, 27, 69
"d:\Mycodes\Gitrepos\javascript-algorithms\src\algorithms\sets\combinations\__test__\combineWithRepetitions.test.js", "JavaScript", 0, 0, 51, 0, 0, 9, 60
"d:\Mycodes\Gitrepos\javascript-algorithms\src\algorithms\sets\combinations\__test__\combineWithoutRepetitions.test.js", "JavaScript", 0, 0, 52, 0, 1, 12, 65
"d:\Mycodes\Gitrepos\javascript-algorithms\src\algorithms\sets\combinations\combineWithRepetitions.js", "JavaScript", 0, 0, 16, 0, 12, 5, 33
"d:\Mycodes\Gitrepos\javascript-algorithms\src\algorithms\sets\combinations\combineWithoutRepetitions.js", "JavaScript", 0, 0, 16, 0, 12, 5, 33
"d:\Mycodes\Gitrepos\javascript-algorithms\src\algorithms\sets\fisher-yates\README.md", "Markdown", 12, 0, 0, 0, 0, 4, 16
"d:\Mycodes\Gitrepos\javascript-algorithms\src\algorithms\sets\fisher-yates\__test__\fisherYates.test.js", "JavaScript", 0, 0, 16, 0, 0, 4, 20
"d:\Mycodes\Gitrepos\javascript-algorithms\src\algorithms\sets\fisher-yates\fisherYates.js", "JavaScript", 0, 0, 8, 0, 5, 3, 16
"d:\Mycodes\Gitrepos\javascript-algorithms\src\algorithms\sets\knapsack-problem\Knapsack.js", "JavaScript", 0, 0, 121, 0, 49, 26, 196
"d:\Mycodes\Gitrepos\javascript-algorithms\src\algorithms\sets\knapsack-problem\KnapsackItem.js", "JavaScript", 0, 0, 20, 0, 9, 5, 34
"d:\Mycodes\Gitrepos\javascript-algorithms\src\algorithms\sets\knapsack-problem\README.md", "Markdown", 48, 0, 0, 0, 0, 22, 70
"d:\Mycodes\Gitrepos\javascript-algorithms\src\algorithms\sets\knapsack-problem\__test__\Knapsack.test.js", "JavaScript", 0, 0, 127, 0, 0, 36, 163
"d:\Mycodes\Gitrepos\javascript-algorithms\src\algorithms\sets\knapsack-problem\__test__\KnapsackItem.test.js", "JavaScript", 0, 0, 29, 0, 0, 7, 36
"d:\Mycodes\Gitrepos\javascript-algorithms\src\algorithms\sets\longest-common-subsequence\README.md", "Markdown", 18, 0, 0, 0, 0, 8, 26
"d:\Mycodes\Gitrepos\javascript-algorithms\src\algorithms\sets\longest-common-subsequence\__test__\longestCommonSubsequence.test.js", "JavaScript", 0, 0, 24, 0, 0, 8, 32
"d:\Mycodes\Gitrepos\javascript-algorithms\src\algorithms\sets\longest-common-subsequence\__test__\longestCommonSubsequenceRecursive.test.js", "JavaScript", 0, 0, 16, 0, 0, 2, 18
"d:\Mycodes\Gitrepos\javascript-algorithms\src\algorithms\sets\longest-common-subsequence\longestCommonSubsequence.js", "JavaScript", 0, 0, 39, 0, 14, 8, 61
"d:\Mycodes\Gitrepos\javascript-algorithms\src\algorithms\sets\longest-common-subsequence\longestCommonSubsequenceRecursive.js", "JavaScript", 0, 0, 15, 0, 14, 8, 37
"d:\Mycodes\Gitrepos\javascript-algorithms\src\algorithms\sets\longest-increasing-subsequence\README.md", "Markdown", 32, 0, 0, 0, 0, 15, 47
"d:\Mycodes\Gitrepos\javascript-algorithms\src\algorithms\sets\longest-increasing-subsequence\__test__\dpLongestIncreasingSubsequence.test.js", "JavaScript", 0, 0, 17, 0, 15, 5, 37
"d:\Mycodes\Gitrepos\javascript-algorithms\src\algorithms\sets\longest-increasing-subsequence\dpLongestIncreasingSubsequence.js", "JavaScript", 0, 0, 25, 0, 21, 8, 54
"d:\Mycodes\Gitrepos\javascript-algorithms\src\algorithms\sets\maximum-subarray\README.md", "Markdown", 20, 0, 0, 0, 0, 10, 30
"d:\Mycodes\Gitrepos\javascript-algorithms\src\algorithms\sets\maximum-subarray\__test__\bfMaximumSubarray.test.js", "JavaScript", 0, 0, 15, 0, 0, 2, 17
"d:\Mycodes\Gitrepos\javascript-algorithms\src\algorithms\sets\maximum-subarray\__test__\dcMaximumSubarraySum.test.js", "JavaScript", 0, 0, 15, 0, 0, 2, 17
"d:\Mycodes\Gitrepos\javascript-algorithms\src\algorithms\sets\maximum-subarray\__test__\dpMaximumSubarray.test.js", "JavaScript", 0, 0, 15, 0, 0, 2, 17
"d:\Mycodes\Gitrepos\javascript-algorithms\src\algorithms\sets\maximum-subarray\bfMaximumSubarray.js", "JavaScript", 0, 0, 17, 0, 7, 3, 27
"d:\Mycodes\Gitrepos\javascript-algorithms\src\algorithms\sets\maximum-subarray\dcMaximumSubarraySum.js", "JavaScript", 0, 0, 12, 0, 21, 1, 34
"d:\Mycodes\Gitrepos\javascript-algorithms\src\algorithms\sets\maximum-subarray\dpMaximumSubarray.js", "JavaScript", 0, 0, 20, 0, 19, 7, 46
"d:\Mycodes\Gitrepos\javascript-algorithms\src\algorithms\sets\permutations\README.md", "Markdown", 33, 0, 0, 0, 0, 23, 56
"d:\Mycodes\Gitrepos\javascript-algorithms\src\algorithms\sets\permutations\__test__\permutateWithRepetitions.test.js", "JavaScript", 0, 0, 48, 0, 0, 5, 53
"d:\Mycodes\Gitrepos\javascript-algorithms\src\algorithms\sets\permutations\__test__\permutateWithoutRepetitions.test.js", "JavaScript", 0, 0, 62, 0, 0, 7, 69
"d:\Mycodes\Gitrepos\javascript-algorithms\src\algorithms\sets\permutations\permutateWithRepetitions.js", "JavaScript", 0, 0, 19, 0, 8, 5, 32
"d:\Mycodes\Gitrepos\javascript-algorithms\src\algorithms\sets\permutations\permutateWithoutRepetitions.js", "JavaScript", 0, 0, 17, 0, 8, 7, 32
"d:\Mycodes\Gitrepos\javascript-algorithms\src\algorithms\sets\power-set\README.md", "Markdown", 79, 0, 0, 0, 0, 34, 113
"d:\Mycodes\Gitrepos\javascript-algorithms\src\algorithms\sets\power-set\__test__\btPowerSet.test.js", "JavaScript", 0, 0, 19, 0, 0, 3, 22
"d:\Mycodes\Gitrepos\javascript-algorithms\src\algorithms\sets\power-set\__test__\bwPowerSet.test.js", "JavaScript", 0, 0, 19, 0, 0, 3, 22
"d:\Mycodes\Gitrepos\javascript-algorithms\src\algorithms\sets\power-set\__test__\caPowerSet.test.js", "JavaScript", 0, 0, 25, 0, 0, 4, 29
"d:\Mycodes\Gitrepos\javascript-algorithms\src\algorithms\sets\power-set\btPowerSet.js", "JavaScript", 0, 0, 12, 0, 24, 6, 42
"d:\Mycodes\Gitrepos\javascript-algorithms\src\algorithms\sets\power-set\bwPowerSet.js", "JavaScript", 0, 0, 14, 0, 15, 6, 35
"d:\Mycodes\Gitrepos\javascript-algorithms\src\algorithms\sets\power-set\caPowerSet.js", "JavaScript", 0, 0, 11, 0, 23, 4, 38
"d:\Mycodes\Gitrepos\javascript-algorithms\src\algorithms\sets\shortest-common-supersequence\README.md", "Markdown", 16, 0, 0, 0, 0, 9, 25
"d:\Mycodes\Gitrepos\javascript-algorithms\src\algorithms\sets\shortest-common-supersequence\__test__\shortestCommonSupersequence.test.js", "JavaScript", 0, 0, 25, 0, 5, 6, 36
"d:\Mycodes\Gitrepos\javascript-algorithms\src\algorithms\sets\shortest-common-supersequence\shortestCommonSupersequence.js", "JavaScript", 0, 0, 46, 0, 14, 12, 72
"d:\Mycodes\Gitrepos\javascript-algorithms\src\algorithms\sorting\Sort.js", "JavaScript", 0, 0, 17, 0, 11, 7, 35
"d:\Mycodes\Gitrepos\javascript-algorithms\src\algorithms\sorting\SortTester.js", "JavaScript", 0, 0, 60, 0, 0, 13, 73
"d:\Mycodes\Gitrepos\javascript-algorithms\src\algorithms\sorting\__test__\Sort.test.js", "JavaScript", 0, 0, 10, 0, 0, 3, 13
"d:\Mycodes\Gitrepos\javascript-algorithms\src\algorithms\sorting\bubble-sort\BubbleSort.js", "JavaScript", 0, 0, 22, 0, 8, 9, 39
"d:\Mycodes\Gitrepos\javascript-algorithms\src\algorithms\sorting\bubble-sort\README.md", "Markdown", 18, 0, 0, 0, 0, 8, 26
"d:\Mycodes\Gitrepos\javascript-algorithms\src\algorithms\sorting\bubble-sort\README.pt-BR.md", "Markdown", 12, 0, 0, 0, 0, 9, 21
"d:\Mycodes\Gitrepos\javascript-algorithms\src\algorithms\sorting\bubble-sort\__test__\BubbleSort.test.js", "JavaScript", 0, 0, 54, 0, 1, 10, 65
"d:\Mycodes\Gitrepos\javascript-algorithms\src\algorithms\sorting\bucket-sort\BucketSort.js", "JavaScript", 0, 0, 24, 0, 14, 9, 47
"d:\Mycodes\Gitrepos\javascript-algorithms\src\algorithms\sorting\bucket-sort\README.md", "Markdown", 20, 0, 0, 0, 0, 16, 36
"d:\Mycodes\Gitrepos\javascript-algorithms\src\algorithms\sorting\bucket-sort\__test__\BucketSort.test.js", "JavaScript", 0, 0, 29, 0, 0, 5, 34
"d:\Mycodes\Gitrepos\javascript-algorithms\src\algorithms\sorting\counting-sort\CountingSort.js", "JavaScript", 0, 0, 37, 0, 26, 16, 79
"d:\Mycodes\Gitrepos\javascript-algorithms\src\algorithms\sorting\counting-sort\README.md", "Markdown", 52, 0, 0, 0, 0, 19, 71
"d:\Mycodes\Gitrepos\javascript-algorithms\src\algorithms\sorting\counting-sort\README.pt-br.md", "Markdown", 52, 0, 0, 0, 0, 19, 71
"d:\Mycodes\Gitrepos\javascript-algorithms\src\algorithms\sorting\counting-sort\__test__\CountingSort.test.js", "JavaScript", 0, 0, 57, 0, 5, 13, 75
"d:\Mycodes\Gitrepos\javascript-algorithms\src\algorithms\sorting\heap-sort\HeapSort.js", "JavaScript", 0, 0, 18, 0, 5, 8, 31
"d:\Mycodes\Gitrepos\javascript-algorithms\src\algorithms\sorting\heap-sort\README.md", "Markdown", 19, 0, 0, 0, 0, 9, 28
"d:\Mycodes\Gitrepos\javascript-algorithms\src\algorithms\sorting\heap-sort\README.pt-BR.md", "Markdown", 12, 0, 0, 0, 0, 9, 21
"d:\Mycodes\Gitrepos\javascript-algorithms\src\algorithms\sorting\heap-sort\__test__\HeapSort.test.js", "JavaScript", 0, 0, 51, 0, 3, 9, 63
"d:\Mycodes\Gitrepos\javascript-algorithms\src\algorithms\sorting\insertion-sort\InsertionSort.js", "JavaScript", 0, 0, 25, 0, 7, 8, 40
"d:\Mycodes\Gitrepos\javascript-algorithms\src\algorithms\sorting\insertion-sort\README.md", "Markdown", 16, 0, 0, 0, 0, 9, 25
"d:\Mycodes\Gitrepos\javascript-algorithms\src\algorithms\sorting\insertion-sort\README.pt-BR.md", "Markdown", 14, 0, 0, 0, 0, 9, 23
"d:\Mycodes\Gitrepos\javascript-algorithms\src\algorithms\sorting\insertion-sort\__test__\InsertionSort.test.js", "JavaScript", 0, 0, 54, 0, 1, 10, 65
"d:\Mycodes\Gitrepos\javascript-algorithms\src\algorithms\sorting\merge-sort\MergeSort.js", "JavaScript", 0, 0, 35, 0, 13, 13, 61
"d:\Mycodes\Gitrepos\javascript-algorithms\src\algorithms\sorting\merge-sort\README.ko-KR.md", "Markdown", 13, 0, 0, 0, 0, 10, 23
"d:\Mycodes\Gitrepos\javascript-algorithms\src\algorithms\sorting\merge-sort\README.md", "Markdown", 28, 0, 0, 0, 0, 11, 39
"d:\Mycodes\Gitrepos\javascript-algorithms\src\algorithms\sorting\merge-sort\README.pt-BR.md", "Markdown", 28, 0, 0, 0, 0, 11, 39
"d:\Mycodes\Gitrepos\javascript-algorithms\src\algorithms\sorting\merge-sort\__test__\MergeSort.test.js", "JavaScript", 0, 0, 54, 0, 1, 10, 65
"d:\Mycodes\Gitrepos\javascript-algorithms\src\algorithms\sorting\quick-sort\QuickSort.js", "JavaScript", 0, 0, 27, 0, 12, 10, 49
"d:\Mycodes\Gitrepos\javascript-algorithms\src\algorithms\sorting\quick-sort\QuickSortInPlace.js", "JavaScript", 0, 0, 36, 0, 34, 9, 79
"d:\Mycodes\Gitrepos\javascript-algorithms\src\algorithms\sorting\quick-sort\README.md", "Markdown", 29, 0, 0, 0, 0, 11, 40
"d:\Mycodes\Gitrepos\javascript-algorithms\src\algorithms\sorting\quick-sort\README.pt-BR.md", "Markdown", 29, 0, 0, 0, 0, 11, 40
"d:\Mycodes\Gitrepos\javascript-algorithms\src\algorithms\sorting\quick-sort\README.zh-CN.md", "Markdown", 15, 0, 0, 0, 0, 13, 28
"d:\Mycodes\Gitrepos\javascript-algorithms\src\algorithms\sorting\quick-sort\__test__\QuickSort.test.js", "JavaScript", 0, 0, 54, 0, 1, 10, 65
"d:\Mycodes\Gitrepos\javascript-algorithms\src\algorithms\sorting\quick-sort\__test__\QuickSortInPlace.test.js", "JavaScript", 0, 0, 51, 0, 1, 9, 61
"d:\Mycodes\Gitrepos\javascript-algorithms\src\algorithms\sorting\radix-sort\README.md", "Markdown", 37, 0, 0, 0, 0, 12, 49
"d:\Mycodes\Gitrepos\javascript-algorithms\src\algorithms\sorting\radix-sort\README.pt-BR.md", "Markdown", 37, 0, 0, 0, 0, 12, 49
"d:\Mycodes\Gitrepos\javascript-algorithms\src\algorithms\sorting\radix-sort\RadixSort.js", "JavaScript", 0, 0, 71, 0, 60, 22, 153
"d:\Mycodes\Gitrepos\javascript-algorithms\src\algorithms\sorting\radix-sort\__test__\RadixSort.test.js", "JavaScript", 0, 0, 23, 0, 1, 4, 28
"d:\Mycodes\Gitrepos\javascript-algorithms\src\algorithms\sorting\selection-sort\README.md", "Markdown", 19, 0, 0, 0, 0, 9, 28
"d:\Mycodes\Gitrepos\javascript-algorithms\src\algorithms\sorting\selection-sort\README.pt-BR.md", "Markdown", 12, 0, 0, 0, 0, 9, 21
"d:\Mycodes\Gitrepos\javascript-algorithms\src\algorithms\sorting\selection-sort\SelectionSort.js", "JavaScript", 0, 0, 20, 0, 5, 8, 33
"d:\Mycodes\Gitrepos\javascript-algorithms\src\algorithms\sorting\selection-sort\__test__\SelectionSort.test.js", "JavaScript", 0, 0, 51, 0, 1, 9, 61
"d:\Mycodes\Gitrepos\javascript-algorithms\src\algorithms\sorting\shell-sort\README.md", "Markdown", 41, 0, 0, 0, 0, 20, 61
"d:\Mycodes\Gitrepos\javascript-algorithms\src\algorithms\sorting\shell-sort\README.pt-BR.md", "Markdown", 41, 0, 0, 0, 0, 20, 61
"d:\Mycodes\Gitrepos\javascript-algorithms\src\algorithms\sorting\shell-sort\ShellSort.js", "JavaScript", 0, 0, 25, 0, 8, 9, 42
"d:\Mycodes\Gitrepos\javascript-algorithms\src\algorithms\sorting\shell-sort\__test__\ShellSort.test.js", "JavaScript", 0, 0, 51, 0, 1, 9, 61
"d:\Mycodes\Gitrepos\javascript-algorithms\src\algorithms\stack\valid-parentheses\README.md", "Markdown", 24, 0, 0, 0, 0, 21, 45
"d:\Mycodes\Gitrepos\javascript-algorithms\src\algorithms\stack\valid-parentheses\__test__\validParentheses.test.js", "JavaScript", 0, 0, 19, 0, 0, 5, 24
"d:\Mycodes\Gitrepos\javascript-algorithms\src\algorithms\stack\valid-parentheses\validParentheses.js", "JavaScript", 0, 0, 23, 0, 16, 4, 43
"d:\Mycodes\Gitrepos\javascript-algorithms\src\algorithms\statistics\weighted-random\README.md", "Markdown", 109, 0, 0, 0, 0, 35, 144
"d:\Mycodes\Gitrepos\javascript-algorithms\src\algorithms\statistics\weighted-random\__test__\weightedRandom.test.js", "JavaScript", 0, 0, 42, 0, 15, 8, 65
"d:\Mycodes\Gitrepos\javascript-algorithms\src\algorithms\statistics\weighted-random\weightedRandom.js", "JavaScript", 0, 0, 22, 0, 26, 5, 53
"d:\Mycodes\Gitrepos\javascript-algorithms\src\algorithms\string\hamming-distance\README.md", "Markdown", 17, 0, 0, 0, 0, 7, 24
"d:\Mycodes\Gitrepos\javascript-algorithms\src\algorithms\string\hamming-distance\__test__\hammingDistance.test.js", "JavaScript", 0, 0, 18, 0, 0, 4, 22
"d:\Mycodes\Gitrepos\javascript-algorithms\src\algorithms\string\hamming-distance\hammingDistance.js", "JavaScript", 0, 0, 12, 0, 5, 4, 21
"d:\Mycodes\Gitrepos\javascript-algorithms\src\algorithms\string\knuth-morris-pratt\README.md", "Markdown", 14, 0, 0, 0, 0, 6, 20
"d:\Mycodes\Gitrepos\javascript-algorithms\src\algorithms\string\knuth-morris-pratt\__test__\knuthMorrisPratt.test.js", "JavaScript", 0, 0, 14, 0, 0, 2, 16
"d:\Mycodes\Gitrepos\javascript-algorithms\src\algorithms\string\knuth-morris-pratt\knuthMorrisPratt.js", "JavaScript", 0, 0, 40, 0, 12, 8, 60
"d:\Mycodes\Gitrepos\javascript-algorithms\src\algorithms\string\levenshtein-distance\README.md", "Markdown", 86, 0, 0, 0, 0, 30, 116
"d:\Mycodes\Gitrepos\javascript-algorithms\src\algorithms\string\levenshtein-distance\__test__\levenshteinDistance.test.js", "JavaScript", 0, 0, 16, 0, 6, 8, 30
"d:\Mycodes\Gitrepos\javascript-algorithms\src\algorithms\string\levenshtein-distance\levenshteinDistance.js", "JavaScript", 0, 0, 20, 0, 13, 5, 38
"d:\Mycodes\Gitrepos\javascript-algorithms\src\algorithms\string\longest-common-substring\README.md", "Markdown", 18, 0, 0, 0, 0, 7, 25
"d:\Mycodes\Gitrepos\javascript-algorithms\src\algorithms\string\longest-common-substring\__test__\longestCommonSubstring.test.js", "JavaScript", 0, 0, 22, 0, 0, 3, 25
"d:\Mycodes\Gitrepos\javascript-algorithms\src\algorithms\string\longest-common-substring\longestCommonSubstring.js", "JavaScript", 0, 0, 40, 0, 18, 11, 69
"d:\Mycodes\Gitrepos\javascript-algorithms\src\algorithms\string\palindrome\README.md", "Markdown", 21, 0, 0, 0, 0, 9, 30
"d:\Mycodes\Gitrepos\javascript-algorithms\src\algorithms\string\palindrome\__test__\isPalindrome.test.js", "JavaScript", 0, 0, 13, 0, 0, 3, 16
"d:\Mycodes\Gitrepos\javascript-algorithms\src\algorithms\string\palindrome\isPalindrome.js", "JavaScript", 0, 0, 12, 0, 4, 4, 20
"d:\Mycodes\Gitrepos\javascript-algorithms\src\algorithms\string\rabin-karp\README.md", "Markdown", 43, 0, 0, 0, 0, 14, 57
"d:\Mycodes\Gitrepos\javascript-algorithms\src\algorithms\string\rabin-karp\__test__\rabinKarp.test.js", "JavaScript", 0, 0, 37, 0, 2, 5, 44
"d:\Mycodes\Gitrepos\javascript-algorithms\src\algorithms\string\rabin-karp\rabinKarp.js", "JavaScript", 0, 0, 23, 0, 11, 9, 43
"d:\Mycodes\Gitrepos\javascript-algorithms\src\algorithms\string\regular-expression-matching\README.md", "Markdown", 47, 0, 0, 0, 0, 27, 74
"d:\Mycodes\Gitrepos\javascript-algorithms\src\algorithms\string\regular-expression-matching\__test__\regularExpressionMatching.test.js", "JavaScript", 0, 0, 32, 0, 0, 3, 35
"d:\Mycodes\Gitrepos\javascript-algorithms\src\algorithms\string\regular-expression-matching\regularExpressionMatching.js", "JavaScript", 0, 0, 48, 0, 79, 9, 136
"d:\Mycodes\Gitrepos\javascript-algorithms\src\algorithms\string\z-algorithm\README.md", "Markdown", 47, 0, 0, 0, 0, 16, 63
"d:\Mycodes\Gitrepos\javascript-algorithms\src\algorithms\string\z-algorithm\__test__\zAlgorithm.test.js", "JavaScript", 0, 0, 15, 0, 0, 2, 17
"d:\Mycodes\Gitrepos\javascript-algorithms\src\algorithms\string\z-algorithm\zAlgorithm.js", "JavaScript", 0, 0, 49, 0, 63, 21, 133
"d:\Mycodes\Gitrepos\javascript-algorithms\src\algorithms\tree\breadth-first-search\README.md", "Markdown", 33, 0, 0, 0, 0, 7, 40
"d:\Mycodes\Gitrepos\javascript-algorithms\src\algorithms\tree\breadth-first-search\__test__\breadthFirstSearch.test.js", "JavaScript", 0, 0, 73, 0, 11, 19, 103
"d:\Mycodes\Gitrepos\javascript-algorithms\src\algorithms\tree\breadth-first-search\breadthFirstSearch.js", "JavaScript", 0, 0, 26, 0, 19, 14, 59
"d:\Mycodes\Gitrepos\javascript-algorithms\src\algorithms\tree\depth-first-search\README.md", "Markdown", 11, 0, 0, 0, 0, 5, 16
"d:\Mycodes\Gitrepos\javascript-algorithms\src\algorithms\tree\depth-first-search\__test__\depthFirstSearch.test.js", "JavaScript", 0, 0, 73, 0, 11, 19, 103
"d:\Mycodes\Gitrepos\javascript-algorithms\src\algorithms\tree\depth-first-search\depthFirstSearch.js", "JavaScript", 0, 0, 23, 0, 43, 11, 77
"d:\Mycodes\Gitrepos\javascript-algorithms\src\algorithms\uncategorized\best-time-to-buy-sell-stocks\README.md", "Markdown", 59, 0, 0, 0, 0, 49, 108
"d:\Mycodes\Gitrepos\javascript-algorithms\src\algorithms\uncategorized\best-time-to-buy-sell-stocks\__tests__\accumulatorBestTimeToBuySellStocks.test.js", "JavaScript", 0, 0, 37, 0, 0, 12, 49
"d:\Mycodes\Gitrepos\javascript-algorithms\src\algorithms\uncategorized\best-time-to-buy-sell-stocks\__tests__\dpBestTimeToBuySellStocks.test.js", "JavaScript", 0, 0, 37, 0, 0, 12, 49
"d:\Mycodes\Gitrepos\javascript-algorithms\src\algorithms\uncategorized\best-time-to-buy-sell-stocks\__tests__\dqBestTimeToBuySellStocks.test.js", "JavaScript", 0, 0, 37, 0, 0, 12, 49
"d:\Mycodes\Gitrepos\javascript-algorithms\src\algorithms\uncategorized\best-time-to-buy-sell-stocks\__tests__\peakvalleyBestTimeToBuySellStocks.test.js", "JavaScript", 0, 0, 37, 0, 0, 12, 49
"d:\Mycodes\Gitrepos\javascript-algorithms\src\algorithms\uncategorized\best-time-to-buy-sell-stocks\accumulatorBestTimeToBuySellStocks.js", "JavaScript", 0, 0, 10, 0, 9, 2, 21
"d:\Mycodes\Gitrepos\javascript-algorithms\src\algorithms\uncategorized\best-time-to-buy-sell-stocks\dpBestTimeToBuySellStocks.js", "JavaScript", 0, 0, 14, 0, 8, 4, 26
"d:\Mycodes\Gitrepos\javascript-algorithms\src\algorithms\uncategorized\best-time-to-buy-sell-stocks\dqBestTimeToBuySellStocks.js", "JavaScript", 0, 0, 17, 0, 20, 6, 43
"d:\Mycodes\Gitrepos\javascript-algorithms\src\algorithms\uncategorized\best-time-to-buy-sell-stocks\peakvalleyBestTimeToBuySellStocks.js", "JavaScript", 0, 0, 19, 0, 12, 5, 36
"d:\Mycodes\Gitrepos\javascript-algorithms\src\algorithms\uncategorized\hanoi-tower\README.md", "Markdown", 21, 0, 0, 0, 0, 9, 30
"d:\Mycodes\Gitrepos\javascript-algorithms\src\algorithms\uncategorized\hanoi-tower\__test__\hanoiTower.test.js", "JavaScript", 0, 0, 48, 0, 0, 15, 63
"d:\Mycodes\Gitrepos\javascript-algorithms\src\algorithms\uncategorized\hanoi-tower\hanoiTower.js", "JavaScript", 0, 0, 54, 0, 23, 8, 85
"d:\Mycodes\Gitrepos\javascript-algorithms\src\algorithms\uncategorized\jump-game\README.md", "Markdown", 94, 0, 0, 0, 0, 35, 129
"d:\Mycodes\Gitrepos\javascript-algorithms\src\algorithms\uncategorized\jump-game\__test__\backtrackingJumpGame.test.js", "JavaScript", 0, 0, 15, 0, 0, 3, 18
"d:\Mycodes\Gitrepos\javascript-algorithms\src\algorithms\uncategorized\jump-game\__test__\dpBottomUpJumpGame.test.js", "JavaScript", 0, 0, 15, 0, 0, 3, 18
"d:\Mycodes\Gitrepos\javascript-algorithms\src\algorithms\uncategorized\jump-game\__test__\dpTopDownJumpGame.test.js", "JavaScript", 0, 0, 15, 0, 0, 3, 18
"d:\Mycodes\Gitrepos\javascript-algorithms\src\algorithms\uncategorized\jump-game\__test__\greedyJumpGame.test.js", "JavaScript", 0, 0, 15, 0, 0, 3, 18
"d:\Mycodes\Gitrepos\javascript-algorithms\src\algorithms\uncategorized\jump-game\backtrackingJumpGame.js", "JavaScript", 0, 0, 19, 0, 23, 7, 49
"d:\Mycodes\Gitrepos\javascript-algorithms\src\algorithms\uncategorized\jump-game\dpBottomUpJumpGame.js", "JavaScript", 0, 0, 18, 0, 25, 4, 47
"d:\Mycodes\Gitrepos\javascript-algorithms\src\algorithms\uncategorized\jump-game\dpTopDownJumpGame.js", "JavaScript", 0, 0, 37, 0, 34, 10, 81
"d:\Mycodes\Gitrepos\javascript-algorithms\src\algorithms\uncategorized\jump-game\greedyJumpGame.js", "JavaScript", 0, 0, 10, 0, 27, 4, 41
"d:\Mycodes\Gitrepos\javascript-algorithms\src\algorithms\uncategorized\knight-tour\README.md", "Markdown", 24, 0, 0, 0, 0, 10, 34
"d:\Mycodes\Gitrepos\javascript-algorithms\src\algorithms\uncategorized\knight-tour\__test__\knightTour.test.js", "JavaScript", 0, 0, 38, 0, 0, 6, 44
"d:\Mycodes\Gitrepos\javascript-algorithms\src\algorithms\uncategorized\knight-tour\knightTour.js", "JavaScript", 0, 0, 54, 0, 41, 18, 113
"d:\Mycodes\Gitrepos\javascript-algorithms\src\algorithms\uncategorized\n-queens\QueenPosition.js", "JavaScript", 0, 0, 15, 0, 21, 4, 40
"d:\Mycodes\Gitrepos\javascript-algorithms\src\algorithms\uncategorized\n-queens\README.md", "Markdown", 95, 0, 0, 0, 0, 23, 118
"d:\Mycodes\Gitrepos\javascript-algorithms\src\algorithms\uncategorized\n-queens\__test__\QueensPosition.test.js", "JavaScript", 0, 0, 14, 0, 0, 3, 17
"d:\Mycodes\Gitrepos\javascript-algorithms\src\algorithms\uncategorized\n-queens\__test__\nQueens.test.js", "JavaScript", 0, 0, 29, 0, 3, 7, 39
"d:\Mycodes\Gitrepos\javascript-algorithms\src\algorithms\uncategorized\n-queens\__test__\nQueensBitwise.test.js", "JavaScript", 0, 0, 13, 0, 0, 2, 15
"d:\Mycodes\Gitrepos\javascript-algorithms\src\algorithms\uncategorized\n-queens\nQueens.js", "JavaScript", 0, 0, 45, 0, 42, 17, 104
"d:\Mycodes\Gitrepos\javascript-algorithms\src\algorithms\uncategorized\n-queens\nQueensBitwise.js", "JavaScript", 0, 0, 29, 0, 64, 9, 102
"d:\Mycodes\Gitrepos\javascript-algorithms\src\algorithms\uncategorized\rain-terraces\README.md", "Markdown", 84, 0, 0, 0, 0, 39, 123
"d:\Mycodes\Gitrepos\javascript-algorithms\src\algorithms\uncategorized\rain-terraces\__test__\bfRainTerraces.test.js", "JavaScript", 0, 0, 20, 0, 0, 2, 22
"d:\Mycodes\Gitrepos\javascript-algorithms\src\algorithms\uncategorized\rain-terraces\__test__\dpRainTerraces.test.js", "JavaScript", 0, 0, 20, 0, 0, 2, 22
"d:\Mycodes\Gitrepos\javascript-algorithms\src\algorithms\uncategorized\rain-terraces\bfRainTerraces.js", "JavaScript", 0, 0, 18, 0, 11, 5, 34
"d:\Mycodes\Gitrepos\javascript-algorithms\src\algorithms\uncategorized\rain-terraces\dpRainTerraces.js", "JavaScript", 0, 0, 29, 0, 12, 7, 48
"d:\Mycodes\Gitrepos\javascript-algorithms\src\algorithms\uncategorized\recursive-staircase\README.md", "Markdown", 13, 0, 0, 0, 0, 9, 22
"d:\Mycodes\Gitrepos\javascript-algorithms\src\algorithms\uncategorized\recursive-staircase\__test__\recursiveStaircaseBF.test.js", "JavaScript", 0, 0, 17, 0, 0, 2, 19
"d:\Mycodes\Gitrepos\javascript-algorithms\src\algorithms\uncategorized\recursive-staircase\__test__\recursiveStaircaseDP.test.js", "JavaScript", 0, 0, 17, 0, 0, 2, 19
"d:\Mycodes\Gitrepos\javascript-algorithms\src\algorithms\uncategorized\recursive-staircase\__test__\recursiveStaircaseIT.test.js", "JavaScript", 0, 0, 17, 0, 0, 2, 19
"d:\Mycodes\Gitrepos\javascript-algorithms\src\algorithms\uncategorized\recursive-staircase\__test__\recursiveStaircaseMEM.test.js", "JavaScript", 0, 0, 17, 0, 0, 2, 19
"d:\Mycodes\Gitrepos\javascript-algorithms\src\algorithms\uncategorized\recursive-staircase\recursiveStaircaseBF.js", "JavaScript", 0, 0, 12, 0, 12, 4, 28
"d:\Mycodes\Gitrepos\javascript-algorithms\src\algorithms\uncategorized\recursive-staircase\recursiveStaircaseDP.js", "JavaScript", 0, 0, 16, 0, 12, 6, 34
"d:\Mycodes\Gitrepos\javascript-algorithms\src\algorithms\uncategorized\recursive-staircase\recursiveStaircaseIT.js", "JavaScript", 0, 0, 13, 0, 14, 5, 32
"d:\Mycodes\Gitrepos\javascript-algorithms\src\algorithms\uncategorized\recursive-staircase\recursiveStaircaseMEM.js", "JavaScript", 0, 0, 20, 0, 17, 8, 45
"d:\Mycodes\Gitrepos\javascript-algorithms\src\algorithms\uncategorized\square-matrix-rotation\README.md", "Markdown", 79, 0, 0, 0, 0, 32, 111
"d:\Mycodes\Gitrepos\javascript-algorithms\src\algorithms\uncategorized\square-matrix-rotation\__test__\squareMatrixRotation.test.js", "JavaScript", 0, 0, 47, 0, 0, 13, 60
"d:\Mycodes\Gitrepos\javascript-algorithms\src\algorithms\uncategorized\square-matrix-rotation\squareMatrixRotation.js", "JavaScript", 0, 0, 26, 0, 8, 4, 38
"d:\Mycodes\Gitrepos\javascript-algorithms\src\algorithms\uncategorized\unique-paths\README.md", "Markdown", 73, 0, 0, 0, 0, 34, 107
"d:\Mycodes\Gitrepos\javascript-algorithms\src\algorithms\uncategorized\unique-paths\__test__\btUniquePaths.test.js", "JavaScript", 0, 0, 11, 0, 0, 2, 13
"d:\Mycodes\Gitrepos\javascript-algorithms\src\algorithms\uncategorized\unique-paths\__test__\dpUniquePaths.test.js", "JavaScript", 0, 0, 11, 0, 0, 2, 13
"d:\Mycodes\Gitrepos\javascript-algorithms\src\algorithms\uncategorized\unique-paths\__test__\uniquePaths.test.js", "JavaScript", 0, 0, 11, 0, 0, 2, 13
"d:\Mycodes\Gitrepos\javascript-algorithms\src\algorithms\uncategorized\unique-paths\btUniquePaths.js", "JavaScript", 0, 0, 25, 0, 24, 10, 59
"d:\Mycodes\Gitrepos\javascript-algorithms\src\algorithms\uncategorized\unique-paths\dpUniquePaths.js", "JavaScript", 0, 0, 20, 0, 17, 4, 41
"d:\Mycodes\Gitrepos\javascript-algorithms\src\algorithms\uncategorized\unique-paths\uniquePaths.js", "JavaScript", 0, 0, 6, 0, 5, 3, 14
"d:\Mycodes\Gitrepos\javascript-algorithms\src\data-structures\bloom-filter\BloomFilter.js", "JavaScript", 0, 0, 69, 0, 43, 20, 132
"d:\Mycodes\Gitrepos\javascript-algorithms\src\data-structures\bloom-filter\README.md", "Markdown", 101, 0, 0, 0, 0, 33, 134
"d:\Mycodes\Gitrepos\javascript-algorithms\src\data-structures\bloom-filter\README.pt-BR.md", "Markdown", 97, 0, 0, 0, 0, 33, 130
"d:\Mycodes\Gitrepos\javascript-algorithms\src\data-structures\bloom-filter\README.ru-RU.md", "Markdown", 41, 0, 0, 0, 0, 15, 56
"d:\Mycodes\Gitrepos\javascript-algorithms\src\data-structures\bloom-filter\README.uk-UA.md", "Markdown", 40, 0, 0, 0, 0, 15, 55
"d:\Mycodes\Gitrepos\javascript-algorithms\src\data-structures\bloom-filter\__test__\BloomFilter.test.js", "JavaScript", 0, 0, 48, 0, 0, 15, 63
"d:\Mycodes\Gitrepos\javascript-algorithms\src\data-structures\disjoint-set\DisjointSet.js", "JavaScript", 0, 0, 48, 0, 30, 20, 98
"d:\Mycodes\Gitrepos\javascript-algorithms\src\data-structures\disjoint-set\DisjointSetAdhoc.js", "JavaScript", 0, 0, 28, 0, 43, 8, 79
"d:\Mycodes\Gitrepos\javascript-algorithms\src\data-structures\disjoint-set\DisjointSetItem.js", "JavaScript", 0, 0, 46, 0, 36, 15, 97
"d:\Mycodes\Gitrepos\javascript-algorithms\src\data-structures\disjoint-set\README.md", "Markdown", 20, 0, 0, 0, 0, 11, 31
"d:\Mycodes\Gitrepos\javascript-algorithms\src\data-structures\disjoint-set\README.pt-BR.md", "Markdown", 20, 0, 0, 0, 0, 9, 29
"d:\Mycodes\Gitrepos\javascript-algorithms\src\data-structures\disjoint-set\README.ru-RU.md", "Markdown", 15, 0, 0, 0, 0, 7, 22
"d:\Mycodes\Gitrepos\javascript-algorithms\src\data-structures\disjoint-set\README.uk-UA.md", "Markdown", 15, 0, 0, 0, 0, 8, 23
"d:\Mycodes\Gitrepos\javascript-algorithms\src\data-structures\disjoint-set\__test__\DisjointSet.test.js", "JavaScript", 0, 0, 98, 0, 0, 43, 141
"d:\Mycodes\Gitrepos\javascript-algorithms\src\data-structures\disjoint-set\__test__\DisjointSetAdhoc.test.js", "JavaScript", 0, 0, 35, 0, 3, 13, 51
"d:\Mycodes\Gitrepos\javascript-algorithms\src\data-structures\disjoint-set\__test__\DisjointSetItem.test.js", "JavaScript", 0, 0, 86, 0, 0, 30, 116
"d:\Mycodes\Gitrepos\javascript-algorithms\src\data-structures\doubly-linked-list\DoublyLinkedList.js", "JavaScript", 0, 0, 140, 0, 70, 54, 264
"d:\Mycodes\Gitrepos\javascript-algorithms\src\data-structures\doubly-linked-list\DoublyLinkedListNode.js", "JavaScript", 0, 0, 10, 0, 0, 2, 12
"d:\Mycodes\Gitrepos\javascript-algorithms\src\data-structures\doubly-linked-list\README.es-ES.md", "Markdown", 85, 0, 0, 0, 0, 20, 105
"d:\Mycodes\Gitrepos\javascript-algorithms\src\data-structures\doubly-linked-list\README.ja-JP.md", "Markdown", 79, 0, 0, 0, 0, 19, 98
"d:\Mycodes\Gitrepos\javascript-algorithms\src\data-structures\doubly-linked-list\README.ko-KR.md", "Markdown", 90, 0, 0, 0, 0, 20, 110
"d:\Mycodes\Gitrepos\javascript-algorithms\src\data-structures\doubly-linked-list\README.md", "Markdown", 100, 0, 0, 0, 0, 20, 120
"d:\Mycodes\Gitrepos\javascript-algorithms\src\data-structures\doubly-linked-list\README.pt-BR.md", "Markdown", 95, 0, 0, 0, 0, 19, 114
"d:\Mycodes\Gitrepos\javascript-algorithms\src\data-structures\doubly-linked-list\README.ru-RU.md", "Markdown", 92, 0, 0, 0, 0, 19, 111
"d:\Mycodes\Gitrepos\javascript-algorithms\src\data-structures\doubly-linked-list\README.uk-UA.md", "Markdown", 91, 0, 0, 0, 0, 19, 110
"d:\Mycodes\Gitrepos\javascript-algorithms\src\data-structures\doubly-linked-list\README.zh-CN.md", "Markdown", 80, 0, 0, 0, 0, 22, 102
"d:\Mycodes\Gitrepos\javascript-algorithms\src\data-structures\doubly-linked-list\__test__\DoublyLinkedList.test.js", "JavaScript", 0, 0, 203, 0, 3, 75, 281
"d:\Mycodes\Gitrepos\javascript-algorithms\src\data-structures\doubly-linked-list\__test__\DoublyLinkedListNode.test.js", "JavaScript", 0, 0, 44, 0, 0, 12, 56
"d:\Mycodes\Gitrepos\javascript-algorithms\src\data-structures\graph\Graph.js", "JavaScript", 0, 0, 102, 0, 65, 31, 198
"d:\Mycodes\Gitrepos\javascript-algorithms\src\data-structures\graph\GraphEdge.js", "JavaScript", 0, 0, 21, 0, 14, 6, 41
"d:\Mycodes\Gitrepos\javascript-algorithms\src\data-structures\graph\GraphVertex.js", "JavaScript", 0, 0, 65, 0, 50, 24, 139
"d:\Mycodes\Gitrepos\javascript-algorithms\src\data-structures\graph\README.fr-FR.md", "Markdown", 19, 0, 0, 0, 0, 7, 26
"d:\Mycodes\Gitrepos\javascript-algorithms\src\data-structures\graph\README.md", "Markdown", 27, 0, 0, 0, 0, 9, 36
"d:\Mycodes\Gitrepos\javascript-algorithms\src\data-structures\graph\README.pt-BR.md", "Markdown", 21, 0, 0, 0, 0, 8, 29
"d:\Mycodes\Gitrepos\javascript-algorithms\src\data-structures\graph\README.ru-RU.md", "Markdown", 19, 0, 0, 0, 0, 8, 27
"d:\Mycodes\Gitrepos\javascript-algorithms\src\data-structures\graph\README.uk-UA.md", "Markdown", 17, 0, 0, 0, 0, 8, 25
"d:\Mycodes\Gitrepos\javascript-algorithms\src\data-structures\graph\README.zh-CN.md", "Markdown", 13, 0, 0, 0, 0, 10, 23
"d:\Mycodes\Gitrepos\javascript-algorithms\src\data-structures\graph\__test__\Graph.test.js", "JavaScript", 0, 0, 297, 0, 0, 92, 389
"d:\Mycodes\Gitrepos\javascript-algorithms\src\data-structures\graph\__test__\GraphEdge.test.js", "JavaScript", 0, 0, 34, 0, 0, 9, 43
"d:\Mycodes\Gitrepos\javascript-algorithms\src\data-structures\graph\__test__\GraphVertex.test.js", "JavaScript", 0, 0, 139, 0, 0, 50, 189
"d:\Mycodes\Gitrepos\javascript-algorithms\src\data-structures\hash-table\HashTable.js", "JavaScript", 0, 0, 54, 0, 52, 16, 122
"d:\Mycodes\Gitrepos\javascript-algorithms\src\data-structures\hash-table\README.fr-FR.md", "Markdown", 23, 0, 0, 0, 0, 9, 32
"d:\Mycodes\Gitrepos\javascript-algorithms\src\data-structures\hash-table\README.ja-JP.md", "Markdown", 10, 0, 0, 0, 0, 9, 19
"d:\Mycodes\Gitrepos\javascript-algorithms\src\data-structures\hash-table\README.ko-KR.md", "Markdown", 17, 0, 0, 0, 0, 11, 28
"d:\Mycodes\Gitrepos\javascript-algorithms\src\data-structures\hash-table\README.md", "Markdown", 28, 0, 0, 0, 0, 10, 38
"d:\Mycodes\Gitrepos\javascript-algorithms\src\data-structures\hash-table\README.pt-BR.md", "Markdown", 19, 0, 0, 0, 0, 9, 28
"d:\Mycodes\Gitrepos\javascript-algorithms\src\data-structures\hash-table\README.ru-RU.md", "Markdown", 18, 0, 0, 0, 0, 12, 30
"d:\Mycodes\Gitrepos\javascript-algorithms\src\data-structures\hash-table\README.uk-UA.md", "Markdown", 18, 0, 0, 0, 0, 12, 30
"d:\Mycodes\Gitrepos\javascript-algorithms\src\data-structures\hash-table\README.zh-CN.md", "Markdown", 14, 0, 0, 0, 0, 12, 26
"d:\Mycodes\Gitrepos\javascript-algorithms\src\data-structures\hash-table\__test__\HashTable.test.js", "JavaScript", 0, 0, 84, 0, 2, 32, 118
"d:\Mycodes\Gitrepos\javascript-algorithms\src\data-structures\heap\Heap.js", "JavaScript", 0, 0, 142, 0, 106, 39, 287
"d:\Mycodes\Gitrepos\javascript-algorithms\src\data-structures\heap\MaxHeap.js", "JavaScript", 0, 0, 6, 0, 9, 2, 17
"d:\Mycodes\Gitrepos\javascript-algorithms\src\data-structures\heap\MaxHeapAdhoc.js", "JavaScript", 0, 0, 91, 0, 6, 19, 116
"d:\Mycodes\Gitrepos\javascript-algorithms\src\data-structures\heap\MinHeap.js", "JavaScript", 0, 0, 6, 0, 9, 2, 17
"d:\Mycodes\Gitrepos\javascript-algorithms\src\data-structures\heap\MinHeapAdhoc.js", "JavaScript", 0, 0, 93, 0, 6, 19, 118
"d:\Mycodes\Gitrepos\javascript-algorithms\src\data-structures\heap\README.fr-FR.md", "Markdown", 12, 0, 0, 0, 0, 11, 23
"d:\Mycodes\Gitrepos\javascript-algorithms\src\data-structures\heap\README.ja-JP.md", "Markdown", 12, 0, 0, 0, 0, 11, 23
"d:\Mycodes\Gitrepos\javascript-algorithms\src\data-structures\heap\README.ko-KR.md", "Markdown", 12, 0, 0, 0, 0, 12, 24
"d:\Mycodes\Gitrepos\javascript-algorithms\src\data-structures\heap\README.md", "Markdown", 50, 0, 0, 0, 0, 20, 70
"d:\Mycodes\Gitrepos\javascript-algorithms\src\data-structures\heap\README.pt-BR.md", "Markdown", 15, 0, 0, 0, 0, 11, 26
"d:\Mycodes\Gitrepos\javascript-algorithms\src\data-structures\heap\README.ru-RU.md", "Markdown", 16, 0, 0, 0, 0, 11, 27
"d:\Mycodes\Gitrepos\javascript-algorithms\src\data-structures\heap\README.tr-TR.md", "Markdown", 12, 0, 0, 0, 0, 11, 23
"d:\Mycodes\Gitrepos\javascript-algorithms\src\data-structures\heap\README.uk-UA.md", "Markdown", 15, 0, 0, 0, 0, 11, 26
"d:\Mycodes\Gitrepos\javascript-algorithms\src\data-structures\heap\README.zh-CN.md", "Markdown", 12, 0, 0, 0, 0, 12, 24
"d:\Mycodes\Gitrepos\javascript-algorithms\src\data-structures\heap\__test__\Heap.test.js", "JavaScript", 0, 0, 10, 0, 0, 3, 13
"d:\Mycodes\Gitrepos\javascript-algorithms\src\data-structures\heap\__test__\MaxHeap.test.js", "JavaScript", 0, 0, 131, 0, 0, 42, 173
"d:\Mycodes\Gitrepos\javascript-algorithms\src\data-structures\heap\__test__\MaxHeapAdhoc.test.js", "JavaScript", 0, 0, 66, 0, 0, 26, 92
"d:\Mycodes\Gitrepos\javascript-algorithms\src\data-structures\heap\__test__\MinHeap.test.js", "JavaScript", 0, 0, 148, 0, 0, 47, 195
"d:\Mycodes\Gitrepos\javascript-algorithms\src\data-structures\heap\__test__\MinHeapAdhoc.test.js", "JavaScript", 0, 0, 66, 0, 0, 26, 92
"d:\Mycodes\Gitrepos\javascript-algorithms\src\data-structures\linked-list\LinkedList.js", "JavaScript", 0, 0, 158, 0, 66, 49, 273
"d:\Mycodes\Gitrepos\javascript-algorithms\src\data-structures\linked-list\LinkedListNode.js", "JavaScript", 0, 0, 9, 0, 0, 2, 11
"d:\Mycodes\Gitrepos\javascript-algorithms\src\data-structures\linked-list\README.es-ES.md", "Markdown", 142, 0, 0, 0, 0, 24, 166
"d:\Mycodes\Gitrepos\javascript-algorithms\src\data-structures\linked-list\README.ja-JP.md", "Markdown", 121, 0, 0, 0, 0, 23, 144
"d:\Mycodes\Gitrepos\javascript-algorithms\src\data-structures\linked-list\README.ko-KR.md", "Markdown", 128, 0, 0, 0, 0, 24, 152
"d:\Mycodes\Gitrepos\javascript-algorithms\src\data-structures\linked-list\README.md", "Markdown", 147, 0, 0, 0, 0, 24, 171
"d:\Mycodes\Gitrepos\javascript-algorithms\src\data-structures\linked-list\README.pt-BR.md", "Markdown", 136, 0, 0, 0, 0, 24, 160
"d:\Mycodes\Gitrepos\javascript-algorithms\src\data-structures\linked-list\README.ru-RU.md", "Markdown", 123, 0, 0, 0, 0, 25, 148
"d:\Mycodes\Gitrepos\javascript-algorithms\src\data-structures\linked-list\README.tr-TR.md", "Markdown", 137, 0, 0, 0, 0, 25, 162
"d:\Mycodes\Gitrepos\javascript-algorithms\src\data-structures\linked-list\README.uk-UA.md", "Markdown", 123, 0, 0, 0, 0, 25, 148
"d:\Mycodes\Gitrepos\javascript-algorithms\src\data-structures\linked-list\README.vi-VN.md", "Markdown", 135, 0, 0, 0, 0, 21, 156
"d:\Mycodes\Gitrepos\javascript-algorithms\src\data-structures\linked-list\README.zh-CN.md", "Markdown", 124, 0, 0, 0, 0, 26, 150
"d:\Mycodes\Gitrepos\javascript-algorithms\src\data-structures\linked-list\__test__\LinkedList.test.js", "JavaScript", 0, 0, 203, 0, 3, 77, 283
"d:\Mycodes\Gitrepos\javascript-algorithms\src\data-structures\linked-list\__test__\LinkedListNode.test.js", "JavaScript", 0, 0, 35, 0, 0, 12, 47
"d:\Mycodes\Gitrepos\javascript-algorithms\src\data-structures\lru-cache\LRUCache.js", "JavaScript", 0, 0, 81, 0, 56, 17, 154
"d:\Mycodes\Gitrepos\javascript-algorithms\src\data-structures\lru-cache\LRUCacheOnMap.js", "JavaScript", 0, 0, 24, 0, 25, 5, 54
"d:\Mycodes\Gitrepos\javascript-algorithms\src\data-structures\lru-cache\README.ko-KR.md", "Markdown", 30, 0, 0, 0, 0, 22, 52
"d:\Mycodes\Gitrepos\javascript-algorithms\src\data-structures\lru-cache\README.md", "Markdown", 32, 0, 0, 0, 0, 23, 55
"d:\Mycodes\Gitrepos\javascript-algorithms\src\data-structures\lru-cache\__test__\LRUCache.test.js", "JavaScript", 0, 0, 123, 0, 0, 28, 151
"d:\Mycodes\Gitrepos\javascript-algorithms\src\data-structures\lru-cache\__test__\LRUCacheOnMap.test.js", "JavaScript", 0, 0, 121, 0, 0, 28, 149
"d:\Mycodes\Gitrepos\javascript-algorithms\src\data-structures\priority-queue\PriorityQueue.js", "JavaScript", 0, 0, 42, 0, 46, 11, 99
"d:\Mycodes\Gitrepos\javascript-algorithms\src\data-structures\priority-queue\README.fr-FR.md", "Markdown", 18, 0, 0, 0, 0, 5, 23
"d:\Mycodes\Gitrepos\javascript-algorithms\src\data-structures\priority-queue\README.ja-JP.md", "Markdown", 6, 0, 0, 0, 0, 5, 11
"d:\Mycodes\Gitrepos\javascript-algorithms\src\data-structures\priority-queue\README.ko-KR.md", "Markdown", 8, 0, 0, 0, 0, 5, 13
"d:\Mycodes\Gitrepos\javascript-algorithms\src\data-structures\priority-queue\README.md", "Markdown", 24, 0, 0, 0, 0, 6, 30
"d:\Mycodes\Gitrepos\javascript-algorithms\src\data-structures\priority-queue\README.pt-BR.md", "Markdown", 18, 0, 0, 0, 0, 6, 24
"d:\Mycodes\Gitrepos\javascript-algorithms\src\data-structures\priority-queue\README.ru-RU.md", "Markdown", 16, 0, 0, 0, 0, 7, 23
"d:\Mycodes\Gitrepos\javascript-algorithms\src\data-structures\priority-queue\README.uk-UA.md", "Markdown", 15, 0, 0, 0, 0, 7, 22
"d:\Mycodes\Gitrepos\javascript-algorithms\src\data-structures\priority-queue\README.zh-CN.md", "Markdown", 8, 0, 0, 0, 0, 8, 16
"d:\Mycodes\Gitrepos\javascript-algorithms\src\data-structures\priority-queue\__test__\PriorityQueue.test.js", "JavaScript", 0, 0, 92, 0, 0, 33, 125
"d:\Mycodes\Gitrepos\javascript-algorithms\src\data-structures\queue\Queue.js", "JavaScript", 0, 0, 25, 0, 26, 8, 59
"d:\Mycodes\Gitrepos\javascript-algorithms\src\data-structures\queue\README.fr-FR.md", "Markdown", 23, 0, 0, 0, 0, 8, 31
"d:\Mycodes\Gitrepos\javascript-algorithms\src\data-structures\queue\README.ja-JP.md", "Markdown", 8, 0, 0, 0, 0, 7, 15
"d:\Mycodes\Gitrepos\javascript-algorithms\src\data-structures\queue\README.ko-KR.md", "Markdown", 15, 0, 0, 0, 0, 9, 24
"d:\Mycodes\Gitrepos\javascript-algorithms\src\data-structures\queue\README.md", "Markdown", 30, 0, 0, 0, 0, 8, 38
"d:\Mycodes\Gitrepos\javascript-algorithms\src\data-structures\queue\README.pt-BR.md", "Markdown", 21, 0, 0, 0, 0, 10, 31
"d:\Mycodes\Gitrepos\javascript-algorithms\src\data-structures\queue\README.ru-RU.md", "Markdown", 15, 0, 0, 0, 0, 7, 22
"d:\Mycodes\Gitrepos\javascript-algorithms\src\data-structures\queue\README.uk-UA.md", "Markdown", 15, 0, 0, 0, 0, 7, 22
"d:\Mycodes\Gitrepos\javascript-algorithms\src\data-structures\queue\README.vi-VN.md", "Markdown", 15, 0, 0, 0, 0, 8, 23
"d:\Mycodes\Gitrepos\javascript-algorithms\src\data-structures\queue\README.zh-CN.md", "Markdown", 9, 0, 0, 0, 0, 9, 18
"d:\Mycodes\Gitrepos\javascript-algorithms\src\data-structures\queue\__test__\Queue.test.js", "JavaScript", 0, 0, 46, 0, 0, 20, 66
"d:\Mycodes\Gitrepos\javascript-algorithms\src\data-structures\stack\README.fr-FR.md", "Markdown", 22, 0, 0, 0, 0, 9, 31
"d:\Mycodes\Gitrepos\javascript-algorithms\src\data-structures\stack\README.ja-JP.md", "Markdown", 11, 0, 0, 0, 0, 9, 20
"d:\Mycodes\Gitrepos\javascript-algorithms\src\data-structures\stack\README.ko-KR.md", "Markdown", 17, 0, 0, 0, 0, 10, 27
"d:\Mycodes\Gitrepos\javascript-algorithms\src\data-structures\stack\README.md", "Markdown", 27, 0, 0, 0, 0, 10, 37
"d:\Mycodes\Gitrepos\javascript-algorithms\src\data-structures\stack\README.pt-BR.md", "Markdown", 20, 0, 0, 0, 0, 9, 29
"d:\Mycodes\Gitrepos\javascript-algorithms\src\data-structures\stack\README.ru-RU.md", "Markdown", 16, 0, 0, 0, 0, 10, 26
"d:\Mycodes\Gitrepos\javascript-algorithms\src\data-structures\stack\README.uk-UA.md", "Markdown", 16, 0, 0, 0, 0, 10, 26
"d:\Mycodes\Gitrepos\javascript-algorithms\src\data-structures\stack\README.vi-VN.md", "Markdown", 19, 0, 0, 0, 0, 9, 28
"d:\Mycodes\Gitrepos\javascript-algorithms\src\data-structures\stack\README.zh-CN.md", "Markdown", 13, 0, 0, 0, 0, 11, 24
"d:\Mycodes\Gitrepos\javascript-algorithms\src\data-structures\stack\Stack.js", "JavaScript", 0, 0, 30, 0, 29, 9, 68
"d:\Mycodes\Gitrepos\javascript-algorithms\src\data-structures\stack\__test__\Stack.test.js", "JavaScript", 0, 0, 54, 0, 0, 24, 78
"d:\Mycodes\Gitrepos\javascript-algorithms\src\data-structures\tree\BinaryTreeNode.js", "JavaScript", 0, 0, 113, 0, 68, 39, 220
"d:\Mycodes\Gitrepos\javascript-algorithms\src\data-structures\tree\README.md", "Markdown", 28, 0, 0, 0, 0, 10, 38
"d:\Mycodes\Gitrepos\javascript-algorithms\src\data-structures\tree\README.pt-BR.md", "Markdown", 24, 0, 0, 0, 0, 9, 33
"d:\Mycodes\Gitrepos\javascript-algorithms\src\data-structures\tree\README.zh-CN.md", "Markdown", 17, 0, 0, 0, 0, 10, 27
"d:\Mycodes\Gitrepos\javascript-algorithms\src\data-structures\tree\__test__\BinaryTreeNode.test.js", "JavaScript", 0, 0, 214, 0, 0, 84, 298
"d:\Mycodes\Gitrepos\javascript-algorithms\src\data-structures\tree\avl-tree\AvlTree.js", "JavaScript", 0, 0, 82, 0, 56, 26, 164
"d:\Mycodes\Gitrepos\javascript-algorithms\src\data-structures\tree\avl-tree\README.md", "Markdown", 34, 0, 0, 0, 0, 18, 52
"d:\Mycodes\Gitrepos\javascript-algorithms\src\data-structures\tree\avl-tree\README.pt-BR.md", "Markdown", 33, 0, 0, 0, 0, 18, 51
"d:\Mycodes\Gitrepos\javascript-algorithms\src\data-structures\tree\avl-tree\__test__\AvlTRee.test.js", "JavaScript", 0, 0, 226, 0, 2, 76, 304
"d:\Mycodes\Gitrepos\javascript-algorithms\src\data-structures\tree\binary-search-tree\BinarySearchTree.js", "JavaScript", 0, 0, 19, 0, 19, 7, 45
"d:\Mycodes\Gitrepos\javascript-algorithms\src\data-structures\tree\binary-search-tree\BinarySearchTreeNode.js", "JavaScript", 0, 0, 85, 0, 41, 26, 152
"d:\Mycodes\Gitrepos\javascript-algorithms\src\data-structures\tree\binary-search-tree\README.md", "Markdown", 243, 0, 0, 0, 0, 38, 281
"d:\Mycodes\Gitrepos\javascript-algorithms\src\data-structures\tree\binary-search-tree\README.pt-BR.md", "Markdown", 242, 0, 0, 0, 0, 37, 279
"d:\Mycodes\Gitrepos\javascript-algorithms\src\data-structures\tree\binary-search-tree\__test__\BinarySearchTree.test.js", "JavaScript", 0, 0, 73, 0, 0, 26, 99
"d:\Mycodes\Gitrepos\javascript-algorithms\src\data-structures\tree\binary-search-tree\__test__\BinarySearchTreeNode.test.js", "JavaScript", 0, 0, 188, 0, 0, 68, 256
"d:\Mycodes\Gitrepos\javascript-algorithms\src\data-structures\tree\fenwick-tree\FenwickTree.js", "JavaScript", 0, 0, 34, 0, 27, 12, 73
"d:\Mycodes\Gitrepos\javascript-algorithms\src\data-structures\tree\fenwick-tree\README.md", "Markdown", 30, 0, 0, 0, 0, 11, 41
"d:\Mycodes\Gitrepos\javascript-algorithms\src\data-structures\tree\fenwick-tree\README.pt-BR.md", "Markdown", 32, 0, 0, 0, 0, 11, 43
"d:\Mycodes\Gitrepos\javascript-algorithms\src\data-structures\tree\fenwick-tree\__test__\FenwickTree.test.js", "JavaScript", 0, 0, 90, 0, 0, 25, 115
"d:\Mycodes\Gitrepos\javascript-algorithms\src\data-structures\tree\red-black-tree\README.md", "Markdown", 71, 0, 0, 0, 0, 26, 97
"d:\Mycodes\Gitrepos\javascript-algorithms\src\data-structures\tree\red-black-tree\README.pt-BR.md", "Markdown", 67, 0, 0, 0, 0, 26, 93
"d:\Mycodes\Gitrepos\javascript-algorithms\src\data-structures\tree\red-black-tree\RedBlackTree.js", "JavaScript", 0, 0, 147, 0, 118, 59, 324
"d:\Mycodes\Gitrepos\javascript-algorithms\src\data-structures\tree\red-black-tree\__test__\RedBlackTree.test.js", "JavaScript", 0, 0, 249, 0, 0, 76, 325
"d:\Mycodes\Gitrepos\javascript-algorithms\src\data-structures\tree\segment-tree\README.md", "Markdown", 41, 0, 0, 0, 0, 13, 54
"d:\Mycodes\Gitrepos\javascript-algorithms\src\data-structures\tree\segment-tree\README.pt-BR.md", "Markdown", 37, 0, 0, 0, 0, 12, 49
"d:\Mycodes\Gitrepos\javascript-algorithms\src\data-structures\tree\segment-tree\SegmentTree.js", "JavaScript", 0, 0, 84, 0, 64, 21, 169
"d:\Mycodes\Gitrepos\javascript-algorithms\src\data-structures\tree\segment-tree\__test__\SegmentTree.test.js", "JavaScript", 0, 0, 81, 0, 0, 21, 102
"d:\Mycodes\Gitrepos\javascript-algorithms\src\data-structures\trie\README.ko-KO.md", "Markdown", 13, 0, 0, 0, 0, 7, 20
"d:\Mycodes\Gitrepos\javascript-algorithms\src\data-structures\trie\README.md", "Markdown", 26, 0, 0, 0, 0, 7, 33
"d:\Mycodes\Gitrepos\javascript-algorithms\src\data-structures\trie\README.pt-BR.md", "Markdown", 21, 0, 0, 0, 0, 7, 28
"d:\Mycodes\Gitrepos\javascript-algorithms\src\data-structures\trie\README.ru-RU.md", "Markdown", 20, 0, 0, 0, 0, 9, 29
"d:\Mycodes\Gitrepos\javascript-algorithms\src\data-structures\trie\README.uk-UA.md", "Markdown", 19, 0, 0, 0, 0, 9, 28
"d:\Mycodes\Gitrepos\javascript-algorithms\src\data-structures\trie\README.zh-CN.md", "Markdown", 10, 0, 0, 0, 0, 9, 19
"d:\Mycodes\Gitrepos\javascript-algorithms\src\data-structures\trie\Trie.js", "JavaScript", 0, 0, 57, 0, 31, 23, 111
"d:\Mycodes\Gitrepos\javascript-algorithms\src\data-structures\trie\TrieNode.js", "JavaScript", 0, 0, 45, 0, 35, 15, 95
"d:\Mycodes\Gitrepos\javascript-algorithms\src\data-structures\trie\__test__\Trie.test.js", "JavaScript", 0, 0, 74, 0, 1, 20, 95
"d:\Mycodes\Gitrepos\javascript-algorithms\src\data-structures\trie\__test__\TrieNode.test.js", "JavaScript", 0, 0, 66, 0, 0, 25, 91
"d:\Mycodes\Gitrepos\javascript-algorithms\src\playground\README.md", "Markdown", 8, 0, 0, 0, 0, 4, 12
"d:\Mycodes\Gitrepos\javascript-algorithms\src\playground\__test__\playground.test.js", "JavaScript", 0, 0, 6, 0, 1, 2, 9
"d:\Mycodes\Gitrepos\javascript-algorithms\src\playground\playground.js", "JavaScript", 0, 0, 5, 0, 5, 3, 13
"d:\Mycodes\Gitrepos\javascript-algorithms\src\utils\comparator\Comparator.js", "JavaScript", 0, 0, 30, 0, 44, 9, 83
"d:\Mycodes\Gitrepos\javascript-algorithms\src\utils\comparator\__test__\Comparator.test.js", "JavaScript", 0, 0, 43, 0, 0, 8, 51
"Total", "-", 15955, 15842, 15247, 29, 4544, 9455, 61072